{
  "resourceType": "Bundle",
  "type": "batch",
  "entry": [ {
    "fullUrl": "urn:uuid:1faab3d1-2ae5-3110-8e5f-c65b92ca906d",
    "resource": {
      "resourceType": "Organization",
      "id": "1faab3d1-2ae5-3110-8e5f-c65b92ca906d",
      "meta": {
        "profile": [ "http://hl7.org/fhir/us/core/StructureDefinition/us-core-organization" ]
      },
      "extension": [ {
        "url": "http://synthetichealth.github.io/synthea/utilization-encounters-extension",
        "valueInteger": 153
      }, {
        "url": "http://synthetichealth.github.io/synthea/utilization-procedures-extension",
        "valueInteger": 0
      }, {
        "url": "http://synthetichealth.github.io/synthea/utilization-labs-extension",
        "valueInteger": 0
      }, {
        "url": "http://synthetichealth.github.io/synthea/utilization-prescriptions-extension",
        "valueInteger": 0
      } ],
      "identifier": [ {
        "system": "https://github.com/synthetichealth/synthea",
        "value": "1faab3d1-2ae5-3110-8e5f-c65b92ca906d"
      } ],
      "active": true,
      "type": [ {
        "coding": [ {
          "system": "http://terminology.hl7.org/CodeSystem/organization-type",
          "code": "prov",
          "display": "Healthcare Provider"
        } ],
        "text": "Healthcare Provider"
      } ],
      "name": "FAIRVIEW HOSPITAL",
      "telecom": [ {
        "system": "phone",
        "value": "4135280790"
      } ],
      "address": [ {
        "line": [ "29 LEWIS AVE" ],
        "city": "GREAT BARRINGTON",
        "state": "MA",
        "postalCode": "012301713",
        "country": "US"
      } ]
    },
    "request": {
      "method": "POST",
      "url": "Organization",
      "ifNoneExist": "identifier=https://github.com/synthetichealth/synthea|1faab3d1-2ae5-3110-8e5f-c65b92ca906d"
    }
  }, {
    "fullUrl": "urn:uuid:13b4306d-4328-3fdf-b2f1-88d2dbd4bc31",
    "resource": {
      "resourceType": "Location",
      "id": "13b4306d-4328-3fdf-b2f1-88d2dbd4bc31",
      "meta": {
        "profile": [ "http://hl7.org/fhir/us/core/StructureDefinition/us-core-location" ]
      },
      "identifier": [ {
        "system": "https://github.com/synthetichealth/synthea",
        "value": "13b4306d-4328-3fdf-b2f1-88d2dbd4bc31"
      } ],
      "status": "active",
      "name": "FAIRVIEW HOSPITAL",
      "telecom": [ {
        "system": "phone",
        "value": "4135280790"
      } ],
      "address": {
        "line": [ "29 LEWIS AVE" ],
        "city": "GREAT BARRINGTON",
        "state": "MA",
        "postalCode": "012301713",
        "country": "US"
      },
      "position": {
        "longitude": -73.3715000043024,
        "latitude": 42.19093125
      },
      "managingOrganization": {
        "identifier": {
          "system": "https://github.com/synthetichealth/synthea",
          "value": "1faab3d1-2ae5-3110-8e5f-c65b92ca906d"
        },
        "display": "FAIRVIEW HOSPITAL"
      }
    },
    "request": {
      "method": "POST",
      "url": "Location",
      "ifNoneExist": "identifier=https://github.com/synthetichealth/synthea|13b4306d-4328-3fdf-b2f1-88d2dbd4bc31"
    }
  }, {
    "fullUrl": "urn:uuid:0fedae9f-701f-3317-9b2f-69aea2202cdc",
    "resource": {
      "resourceType": "Organization",
      "id": "0fedae9f-701f-3317-9b2f-69aea2202cdc",
      "meta": {
        "profile": [ "http://hl7.org/fhir/us/core/StructureDefinition/us-core-organization" ]
      },
      "extension": [ {
        "url": "http://synthetichealth.github.io/synthea/utilization-encounters-extension",
        "valueInteger": 2
      }, {
        "url": "http://synthetichealth.github.io/synthea/utilization-procedures-extension",
        "valueInteger": 0
      }, {
        "url": "http://synthetichealth.github.io/synthea/utilization-labs-extension",
        "valueInteger": 0
      }, {
        "url": "http://synthetichealth.github.io/synthea/utilization-prescriptions-extension",
        "valueInteger": 0
      } ],
      "identifier": [ {
        "system": "https://github.com/synthetichealth/synthea",
        "value": "0fedae9f-701f-3317-9b2f-69aea2202cdc"
      } ],
      "active": true,
      "type": [ {
        "coding": [ {
          "system": "http://terminology.hl7.org/CodeSystem/organization-type",
          "code": "prov",
          "display": "Healthcare Provider"
        } ],
        "text": "Healthcare Provider"
      } ],
      "name": "BOSTON MEDICAL CENTER CORPORATION-",
      "telecom": [ {
        "system": "phone",
        "value": "6176388000"
      } ],
      "address": [ {
        "line": [ "88 EAST NEWTON STREET" ],
        "city": "WINTHROP",
        "state": "MA",
        "postalCode": "021522715",
        "country": "US"
      } ]
    },
    "request": {
      "method": "POST",
      "url": "Organization",
      "ifNoneExist": "identifier=https://github.com/synthetichealth/synthea|0fedae9f-701f-3317-9b2f-69aea2202cdc"
    }
  }, {
    "fullUrl": "urn:uuid:5d5ac7a4-7c31-3868-a7c1-d16c34243530",
    "resource": {
      "resourceType": "Location",
      "id": "5d5ac7a4-7c31-3868-a7c1-d16c34243530",
      "meta": {
        "profile": [ "http://hl7.org/fhir/us/core/StructureDefinition/us-core-location" ]
      },
      "identifier": [ {
        "system": "https://github.com/synthetichealth/synthea",
        "value": "5d5ac7a4-7c31-3868-a7c1-d16c34243530"
      } ],
      "status": "active",
      "name": "BOSTON MEDICAL CENTER CORPORATION-",
      "telecom": [ {
        "system": "phone",
        "value": "6176388000"
      } ],
      "address": {
        "line": [ "88 EAST NEWTON STREET" ],
        "city": "WINTHROP",
        "state": "MA",
        "postalCode": "021522715",
        "country": "US"
      },
      "position": {
        "longitude": -70.982827,
        "latitude": 42.3750976
      },
      "managingOrganization": {
        "identifier": {
          "system": "https://github.com/synthetichealth/synthea",
          "value": "0fedae9f-701f-3317-9b2f-69aea2202cdc"
        },
        "display": "BOSTON MEDICAL CENTER CORPORATION-"
      }
    },
    "request": {
      "method": "POST",
      "url": "Location",
      "ifNoneExist": "identifier=https://github.com/synthetichealth/synthea|5d5ac7a4-7c31-3868-a7c1-d16c34243530"
    }
  }, {
    "fullUrl": "urn:uuid:b8421363-9807-3b16-a146-95336eea5cfb",
    "resource": {
      "resourceType": "Organization",
      "id": "b8421363-9807-3b16-a146-95336eea5cfb",
      "meta": {
        "profile": [ "http://hl7.org/fhir/us/core/StructureDefinition/us-core-organization" ]
      },
      "extension": [ {
        "url": "http://synthetichealth.github.io/synthea/utilization-encounters-extension",
        "valueInteger": 21
      }, {
        "url": "http://synthetichealth.github.io/synthea/utilization-procedures-extension",
        "valueInteger": 0
      }, {
        "url": "http://synthetichealth.github.io/synthea/utilization-labs-extension",
        "valueInteger": 0
      }, {
        "url": "http://synthetichealth.github.io/synthea/utilization-prescriptions-extension",
        "valueInteger": 0
      } ],
      "identifier": [ {
        "system": "https://github.com/synthetichealth/synthea",
        "value": "b8421363-9807-3b16-a146-95336eea5cfb"
      } ],
      "active": true,
      "type": [ {
        "coding": [ {
          "system": "http://terminology.hl7.org/CodeSystem/organization-type",
          "code": "prov",
          "display": "Healthcare Provider"
        } ],
        "text": "Healthcare Provider"
      } ],
      "name": "COOLEY DICKINSON HOSPITAL INC",
      "telecom": [ {
        "system": "phone",
        "value": "4135822000"
      } ],
      "address": [ {
        "line": [ "30 LOCUST ST" ],
        "city": "NORTHAMPTON",
        "state": "MA",
        "postalCode": "010602052",
        "country": "US"
      } ]
    },
    "request": {
      "method": "POST",
      "url": "Organization",
      "ifNoneExist": "identifier=https://github.com/synthetichealth/synthea|b8421363-9807-3b16-a146-95336eea5cfb"
    }
  }, {
    "fullUrl": "urn:uuid:0a6d5a96-47be-30f7-b20c-c49f38fde2a1",
    "resource": {
      "resourceType": "Location",
      "id": "0a6d5a96-47be-30f7-b20c-c49f38fde2a1",
      "meta": {
        "profile": [ "http://hl7.org/fhir/us/core/StructureDefinition/us-core-location" ]
      },
      "identifier": [ {
        "system": "https://github.com/synthetichealth/synthea",
        "value": "0a6d5a96-47be-30f7-b20c-c49f38fde2a1"
      } ],
      "status": "active",
      "name": "COOLEY DICKINSON HOSPITAL INC",
      "telecom": [ {
        "system": "phone",
        "value": "4135822000"
      } ],
      "address": {
        "line": [ "30 LOCUST ST" ],
        "city": "NORTHAMPTON",
        "state": "MA",
        "postalCode": "010602052",
        "country": "US"
      },
      "position": {
        "longitude": -72.65330802608176,
        "latitude": 42.33032115
      },
      "managingOrganization": {
        "identifier": {
          "system": "https://github.com/synthetichealth/synthea",
          "value": "b8421363-9807-3b16-a146-95336eea5cfb"
        },
        "display": "COOLEY DICKINSON HOSPITAL INC"
      }
    },
    "request": {
      "method": "POST",
      "url": "Location",
      "ifNoneExist": "identifier=https://github.com/synthetichealth/synthea|0a6d5a96-47be-30f7-b20c-c49f38fde2a1"
    }
  }, {
    "fullUrl": "urn:uuid:5018c664-e283-30eb-932a-529d9a19b3b5",
    "resource": {
      "resourceType": "Organization",
      "id": "5018c664-e283-30eb-932a-529d9a19b3b5",
      "meta": {
        "profile": [ "http://hl7.org/fhir/us/core/StructureDefinition/us-core-organization" ]
      },
      "extension": [ {
        "url": "http://synthetichealth.github.io/synthea/utilization-encounters-extension",
        "valueInteger": 32
      }, {
        "url": "http://synthetichealth.github.io/synthea/utilization-procedures-extension",
        "valueInteger": 0
      }, {
        "url": "http://synthetichealth.github.io/synthea/utilization-labs-extension",
        "valueInteger": 0
      }, {
        "url": "http://synthetichealth.github.io/synthea/utilization-prescriptions-extension",
        "valueInteger": 0
      } ],
      "identifier": [ {
        "system": "https://github.com/synthetichealth/synthea",
        "value": "5018c664-e283-30eb-932a-529d9a19b3b5"
      } ],
      "active": true,
      "type": [ {
        "coding": [ {
          "system": "http://terminology.hl7.org/CodeSystem/organization-type",
          "code": "prov",
          "display": "Healthcare Provider"
        } ],
        "text": "Healthcare Provider"
      } ],
      "name": "FIRST PSYCHIATRIC PLANNERS, INC",
      "telecom": [ {
        "system": "phone",
        "value": "6174690300"
      } ],
      "address": [ {
        "line": [ "300 SOUTH ST" ],
        "city": "WOBURN",
        "state": "MA",
        "postalCode": "018014979",
        "country": "US"
      } ]
    },
    "request": {
      "method": "POST",
      "url": "Organization",
      "ifNoneExist": "identifier=https://github.com/synthetichealth/synthea|5018c664-e283-30eb-932a-529d9a19b3b5"
    }
  }, {
    "fullUrl": "urn:uuid:6f1bb370-f9f8-3678-8d87-527cb322efd6",
    "resource": {
      "resourceType": "Location",
      "id": "6f1bb370-f9f8-3678-8d87-527cb322efd6",
      "meta": {
        "profile": [ "http://hl7.org/fhir/us/core/StructureDefinition/us-core-location" ]
      },
      "identifier": [ {
        "system": "https://github.com/synthetichealth/synthea",
        "value": "6f1bb370-f9f8-3678-8d87-527cb322efd6"
      } ],
      "status": "active",
      "name": "FIRST PSYCHIATRIC PLANNERS, INC",
      "telecom": [ {
        "system": "phone",
        "value": "6174690300"
      } ],
      "address": {
        "line": [ "300 SOUTH ST" ],
        "city": "WOBURN",
        "state": "MA",
        "postalCode": "018014979",
        "country": "US"
      },
      "position": {
        "longitude": -71.144086,
        "latitude": 42.473347
      },
      "managingOrganization": {
        "identifier": {
          "system": "https://github.com/synthetichealth/synthea",
          "value": "5018c664-e283-30eb-932a-529d9a19b3b5"
        },
        "display": "FIRST PSYCHIATRIC PLANNERS, INC"
      }
    },
    "request": {
      "method": "POST",
      "url": "Location",
      "ifNoneExist": "identifier=https://github.com/synthetichealth/synthea|6f1bb370-f9f8-3678-8d87-527cb322efd6"
    }
  }, {
    "fullUrl": "urn:uuid:3ff0f58b-7a1f-3334-9449-ff15f68b7d86",
    "resource": {
      "resourceType": "Organization",
      "id": "3ff0f58b-7a1f-3334-9449-ff15f68b7d86",
      "meta": {
        "profile": [ "http://hl7.org/fhir/us/core/StructureDefinition/us-core-organization" ]
      },
      "extension": [ {
        "url": "http://synthetichealth.github.io/synthea/utilization-encounters-extension",
        "valueInteger": 75
      }, {
        "url": "http://synthetichealth.github.io/synthea/utilization-procedures-extension",
        "valueInteger": 0
      }, {
        "url": "http://synthetichealth.github.io/synthea/utilization-labs-extension",
        "valueInteger": 0
      }, {
        "url": "http://synthetichealth.github.io/synthea/utilization-prescriptions-extension",
        "valueInteger": 0
      } ],
      "identifier": [ {
        "system": "https://github.com/synthetichealth/synthea",
        "value": "3ff0f58b-7a1f-3334-9449-ff15f68b7d86"
      } ],
      "active": true,
      "type": [ {
        "coding": [ {
          "system": "http://terminology.hl7.org/CodeSystem/organization-type",
          "code": "prov",
          "display": "Healthcare Provider"
        } ],
        "text": "Healthcare Provider"
      } ],
      "name": "BETH ISRAEL DEACONESS HOSPITAL PLYMOUTH INC",
      "telecom": [ {
        "system": "phone",
        "value": "5087462000"
      } ],
      "address": [ {
        "line": [ "275 SANDWICH ST" ],
        "city": "PLYMOUTH",
        "state": "MA",
        "postalCode": "023607761",
        "country": "US"
      } ]
    },
    "request": {
      "method": "POST",
      "url": "Organization",
      "ifNoneExist": "identifier=https://github.com/synthetichealth/synthea|3ff0f58b-7a1f-3334-9449-ff15f68b7d86"
    }
  }, {
    "fullUrl": "urn:uuid:69fc5bac-35b9-3671-9b39-e157b58b6207",
    "resource": {
      "resourceType": "Location",
      "id": "69fc5bac-35b9-3671-9b39-e157b58b6207",
      "meta": {
        "profile": [ "http://hl7.org/fhir/us/core/StructureDefinition/us-core-location" ]
      },
      "identifier": [ {
        "system": "https://github.com/synthetichealth/synthea",
        "value": "69fc5bac-35b9-3671-9b39-e157b58b6207"
      } ],
      "status": "active",
      "name": "BETH ISRAEL DEACONESS HOSPITAL PLYMOUTH INC",
      "telecom": [ {
        "system": "phone",
        "value": "5087462000"
      } ],
      "address": {
        "line": [ "275 SANDWICH ST" ],
        "city": "PLYMOUTH",
        "state": "MA",
        "postalCode": "023607761",
        "country": "US"
      },
      "position": {
        "longitude": -70.6455366462985,
        "latitude": 41.94186605
      },
      "managingOrganization": {
        "identifier": {
          "system": "https://github.com/synthetichealth/synthea",
          "value": "3ff0f58b-7a1f-3334-9449-ff15f68b7d86"
        },
        "display": "BETH ISRAEL DEACONESS HOSPITAL PLYMOUTH INC"
      }
    },
    "request": {
      "method": "POST",
      "url": "Location",
      "ifNoneExist": "identifier=https://github.com/synthetichealth/synthea|69fc5bac-35b9-3671-9b39-e157b58b6207"
    }
  }, {
    "fullUrl": "urn:uuid:34f7bdc0-0550-333e-a53f-5e2af5a6d4ec",
    "resource": {
      "resourceType": "Organization",
      "id": "34f7bdc0-0550-333e-a53f-5e2af5a6d4ec",
      "meta": {
        "profile": [ "http://hl7.org/fhir/us/core/StructureDefinition/us-core-organization" ]
      },
      "extension": [ {
        "url": "http://synthetichealth.github.io/synthea/utilization-encounters-extension",
        "valueInteger": 63
      }, {
        "url": "http://synthetichealth.github.io/synthea/utilization-procedures-extension",
        "valueInteger": 633
      }, {
        "url": "http://synthetichealth.github.io/synthea/utilization-labs-extension",
        "valueInteger": 167
      }, {
        "url": "http://synthetichealth.github.io/synthea/utilization-prescriptions-extension",
        "valueInteger": 104
      } ],
      "identifier": [ {
        "system": "https://github.com/synthetichealth/synthea",
        "value": "34f7bdc0-0550-333e-a53f-5e2af5a6d4ec"
      } ],
      "active": true,
      "type": [ {
        "coding": [ {
          "system": "http://terminology.hl7.org/CodeSystem/organization-type",
          "code": "prov",
          "display": "Healthcare Provider"
        } ],
        "text": "Healthcare Provider"
      } ],
      "name": "PLYMOUTH FAMILY OPTOMETRY LLC",
      "telecom": [ {
        "system": "phone",
        "value": "7742834005"
      } ],
      "address": [ {
        "line": [ "212 S MEADOW RD UNIT 5C" ],
        "city": "PLYMOUTH",
        "state": "MA",
        "postalCode": "023605450",
        "country": "US"
      } ]
    },
    "request": {
      "method": "POST",
      "url": "Organization",
      "ifNoneExist": "identifier=https://github.com/synthetichealth/synthea|34f7bdc0-0550-333e-a53f-5e2af5a6d4ec"
    }
  }, {
    "fullUrl": "urn:uuid:fe866b5d-de93-3b1e-afa1-f79d6ee416ba",
    "resource": {
      "resourceType": "Location",
      "id": "fe866b5d-de93-3b1e-afa1-f79d6ee416ba",
      "meta": {
        "profile": [ "http://hl7.org/fhir/us/core/StructureDefinition/us-core-location" ]
      },
      "identifier": [ {
        "system": "https://github.com/synthetichealth/synthea",
        "value": "fe866b5d-de93-3b1e-afa1-f79d6ee416ba"
      } ],
      "status": "active",
      "name": "PLYMOUTH FAMILY OPTOMETRY LLC",
      "telecom": [ {
        "system": "phone",
        "value": "7742834005"
      } ],
      "address": {
        "line": [ "212 S MEADOW RD UNIT 5C" ],
        "city": "PLYMOUTH",
        "state": "MA",
        "postalCode": "023605450",
        "country": "US"
      },
      "position": {
        "longitude": -70.7618592,
        "latitude": 41.9426657
      },
      "managingOrganization": {
        "identifier": {
          "system": "https://github.com/synthetichealth/synthea",
          "value": "34f7bdc0-0550-333e-a53f-5e2af5a6d4ec"
        },
        "display": "PLYMOUTH FAMILY OPTOMETRY LLC"
      }
    },
    "request": {
      "method": "POST",
      "url": "Location",
      "ifNoneExist": "identifier=https://github.com/synthetichealth/synthea|fe866b5d-de93-3b1e-afa1-f79d6ee416ba"
    }
  }, {
    "fullUrl": "urn:uuid:326bc5bc-8da8-3337-a76a-7d44202dae3d",
    "resource": {
      "resourceType": "Organization",
      "id": "326bc5bc-8da8-3337-a76a-7d44202dae3d",
      "meta": {
        "profile": [ "http://hl7.org/fhir/us/core/StructureDefinition/us-core-organization" ]
      },
      "extension": [ {
        "url": "http://synthetichealth.github.io/synthea/utilization-encounters-extension",
        "valueInteger": 1
      }, {
        "url": "http://synthetichealth.github.io/synthea/utilization-procedures-extension",
        "valueInteger": 0
      }, {
        "url": "http://synthetichealth.github.io/synthea/utilization-labs-extension",
        "valueInteger": 0
      }, {
        "url": "http://synthetichealth.github.io/synthea/utilization-prescriptions-extension",
        "valueInteger": 0
      } ],
      "identifier": [ {
        "system": "https://github.com/synthetichealth/synthea",
        "value": "326bc5bc-8da8-3337-a76a-7d44202dae3d"
      } ],
      "active": true,
      "type": [ {
        "coding": [ {
          "system": "http://terminology.hl7.org/CodeSystem/organization-type",
          "code": "prov",
          "display": "Healthcare Provider"
        } ],
        "text": "Healthcare Provider"
      } ],
      "name": "ABERJONA NURSING CENTER, INC",
      "telecom": [ {
        "system": "phone",
        "value": "7817299370"
      } ],
      "address": [ {
        "line": [ "184 SWANTON ST" ],
        "city": "WINCHESTER",
        "state": "MA",
        "postalCode": "018901921",
        "country": "US"
      } ]
    },
    "request": {
      "method": "POST",
      "url": "Organization",
      "ifNoneExist": "identifier=https://github.com/synthetichealth/synthea|326bc5bc-8da8-3337-a76a-7d44202dae3d"
    }
  }, {
    "fullUrl": "urn:uuid:bffeb698-37c8-34f6-923b-f8fda8e20c08",
    "resource": {
      "resourceType": "Location",
      "id": "bffeb698-37c8-34f6-923b-f8fda8e20c08",
      "meta": {
        "profile": [ "http://hl7.org/fhir/us/core/StructureDefinition/us-core-location" ]
      },
      "identifier": [ {
        "system": "https://github.com/synthetichealth/synthea",
        "value": "bffeb698-37c8-34f6-923b-f8fda8e20c08"
      } ],
      "status": "active",
      "name": "ABERJONA NURSING CENTER, INC",
      "telecom": [ {
        "system": "phone",
        "value": "7817299370"
      } ],
      "address": {
        "line": [ "184 SWANTON ST" ],
        "city": "WINCHESTER",
        "state": "MA",
        "postalCode": "018901921",
        "country": "US"
      },
      "position": {
        "longitude": -71.13806547771736,
        "latitude": 42.4606573
      },
      "managingOrganization": {
        "identifier": {
          "system": "https://github.com/synthetichealth/synthea",
          "value": "326bc5bc-8da8-3337-a76a-7d44202dae3d"
        },
        "display": "ABERJONA NURSING CENTER, INC"
      }
    },
    "request": {
      "method": "POST",
      "url": "Location",
      "ifNoneExist": "identifier=https://github.com/synthetichealth/synthea|bffeb698-37c8-34f6-923b-f8fda8e20c08"
    }
  }, {
    "fullUrl": "urn:uuid:52efa2e5-007f-3396-a83a-28ca015f0595",
    "resource": {
      "resourceType": "Organization",
      "id": "52efa2e5-007f-3396-a83a-28ca015f0595",
      "meta": {
        "profile": [ "http://hl7.org/fhir/us/core/StructureDefinition/us-core-organization" ]
      },
      "extension": [ {
        "url": "http://synthetichealth.github.io/synthea/utilization-encounters-extension",
        "valueInteger": 7
      }, {
        "url": "http://synthetichealth.github.io/synthea/utilization-procedures-extension",
        "valueInteger": 0
      }, {
        "url": "http://synthetichealth.github.io/synthea/utilization-labs-extension",
        "valueInteger": 0
      }, {
        "url": "http://synthetichealth.github.io/synthea/utilization-prescriptions-extension",
        "valueInteger": 0
      } ],
      "identifier": [ {
        "system": "https://github.com/synthetichealth/synthea",
        "value": "52efa2e5-007f-3396-a83a-28ca015f0595"
      } ],
      "active": true,
      "type": [ {
        "coding": [ {
          "system": "http://terminology.hl7.org/CodeSystem/organization-type",
          "code": "prov",
          "display": "Healthcare Provider"
        } ],
        "text": "Healthcare Provider"
      } ],
      "name": "BAYADA HOME HEALTH CARE INC",
      "telecom": [ {
        "system": "phone",
        "value": "5088300999"
      } ],
      "address": [ {
        "line": [ "20 N PARK AVE STE 2200A" ],
        "city": "PLYMOUTH",
        "state": "MA",
        "postalCode": "023604090",
        "country": "US"
      } ]
    },
    "request": {
      "method": "POST",
      "url": "Organization",
      "ifNoneExist": "identifier=https://github.com/synthetichealth/synthea|52efa2e5-007f-3396-a83a-28ca015f0595"
    }
  }, {
    "fullUrl": "urn:uuid:fbbbbadc-4bd2-34d8-92be-1224f5767695",
    "resource": {
      "resourceType": "Location",
      "id": "fbbbbadc-4bd2-34d8-92be-1224f5767695",
      "meta": {
        "profile": [ "http://hl7.org/fhir/us/core/StructureDefinition/us-core-location" ]
      },
      "identifier": [ {
        "system": "https://github.com/synthetichealth/synthea",
        "value": "fbbbbadc-4bd2-34d8-92be-1224f5767695"
      } ],
      "status": "active",
      "name": "BAYADA HOME HEALTH CARE INC",
      "telecom": [ {
        "system": "phone",
        "value": "5088300999"
      } ],
      "address": {
        "line": [ "20 N PARK AVE STE 2200A" ],
        "city": "PLYMOUTH",
        "state": "MA",
        "postalCode": "023604090",
        "country": "US"
      },
      "position": {
        "longitude": -70.67007876763536,
        "latitude": 41.960434631488596
      },
      "managingOrganization": {
        "identifier": {
          "system": "https://github.com/synthetichealth/synthea",
          "value": "52efa2e5-007f-3396-a83a-28ca015f0595"
        },
        "display": "BAYADA HOME HEALTH CARE INC"
      }
    },
    "request": {
      "method": "POST",
      "url": "Location",
      "ifNoneExist": "identifier=https://github.com/synthetichealth/synthea|fbbbbadc-4bd2-34d8-92be-1224f5767695"
    }
  }, {
    "fullUrl": "urn:uuid:94ac48ba-e215-3ab9-ba88-a0b926d29cef",
    "resource": {
      "resourceType": "Organization",
      "id": "94ac48ba-e215-3ab9-ba88-a0b926d29cef",
      "meta": {
        "profile": [ "http://hl7.org/fhir/us/core/StructureDefinition/us-core-organization" ]
      },
      "extension": [ {
        "url": "http://synthetichealth.github.io/synthea/utilization-encounters-extension",
        "valueInteger": 3
      }, {
        "url": "http://synthetichealth.github.io/synthea/utilization-procedures-extension",
        "valueInteger": 0
      }, {
        "url": "http://synthetichealth.github.io/synthea/utilization-labs-extension",
        "valueInteger": 0
      }, {
        "url": "http://synthetichealth.github.io/synthea/utilization-prescriptions-extension",
        "valueInteger": 0
      }, {
        "url": "http://synthetichealth.github.io/synthea/bed-count-extension",
        "valueInteger": 142
      } ],
      "identifier": [ {
        "system": "https://github.com/synthetichealth/synthea",
        "value": "94ac48ba-e215-3ab9-ba88-a0b926d29cef"
      } ],
      "active": true,
      "type": [ {
        "coding": [ {
          "system": "http://terminology.hl7.org/CodeSystem/organization-type",
          "code": "prov",
          "display": "Healthcare Provider"
        } ],
        "text": "Healthcare Provider"
      } ],
      "name": "MEDFORD REHABILITATION AND NURSING CENTER",
      "telecom": [ {
        "system": "phone",
        "value": "7813964400"
      } ],
      "address": [ {
        "line": [ "300 WINTHROP STREET" ],
        "city": "MEDFORD",
        "state": "MA",
        "postalCode": "021552311",
        "country": "US"
      } ]
    },
    "request": {
      "method": "POST",
      "url": "Organization",
      "ifNoneExist": "identifier=https://github.com/synthetichealth/synthea|94ac48ba-e215-3ab9-ba88-a0b926d29cef"
    }
  }, {
    "fullUrl": "urn:uuid:b9e47363-c87c-32cc-8455-4696d47c8e01",
    "resource": {
      "resourceType": "Location",
      "id": "b9e47363-c87c-32cc-8455-4696d47c8e01",
      "meta": {
        "profile": [ "http://hl7.org/fhir/us/core/StructureDefinition/us-core-location" ]
      },
      "identifier": [ {
        "system": "https://github.com/synthetichealth/synthea",
        "value": "b9e47363-c87c-32cc-8455-4696d47c8e01"
      } ],
      "status": "active",
      "name": "MEDFORD REHABILITATION AND NURSING CENTER",
      "telecom": [ {
        "system": "phone",
        "value": "7813964400"
      } ],
      "address": {
        "line": [ "300 WINTHROP STREET" ],
        "city": "MEDFORD",
        "state": "MA",
        "postalCode": "021552311",
        "country": "US"
      },
      "position": {
        "longitude": -71.11834,
        "latitude": 42.421527
      },
      "managingOrganization": {
        "identifier": {
          "system": "https://github.com/synthetichealth/synthea",
          "value": "94ac48ba-e215-3ab9-ba88-a0b926d29cef"
        },
        "display": "MEDFORD REHABILITATION AND NURSING CENTER"
      }
    },
    "request": {
      "method": "POST",
      "url": "Location",
      "ifNoneExist": "identifier=https://github.com/synthetichealth/synthea|b9e47363-c87c-32cc-8455-4696d47c8e01"
    }
  }, {
    "fullUrl": "urn:uuid:8395b012-c9c6-3b96-a7f9-edd24c9a3006",
    "resource": {
      "resourceType": "Organization",
      "id": "8395b012-c9c6-3b96-a7f9-edd24c9a3006",
      "meta": {
        "profile": [ "http://hl7.org/fhir/us/core/StructureDefinition/us-core-organization" ]
      },
      "extension": [ {
        "url": "http://synthetichealth.github.io/synthea/utilization-encounters-extension",
        "valueInteger": 3
      }, {
        "url": "http://synthetichealth.github.io/synthea/utilization-procedures-extension",
        "valueInteger": 0
      }, {
        "url": "http://synthetichealth.github.io/synthea/utilization-labs-extension",
        "valueInteger": 0
      }, {
        "url": "http://synthetichealth.github.io/synthea/utilization-prescriptions-extension",
        "valueInteger": 0
      } ],
      "identifier": [ {
        "system": "https://github.com/synthetichealth/synthea",
        "value": "8395b012-c9c6-3b96-a7f9-edd24c9a3006"
      } ],
      "active": true,
      "type": [ {
        "coding": [ {
          "system": "http://terminology.hl7.org/CodeSystem/organization-type",
          "code": "prov",
          "display": "Healthcare Provider"
        } ],
        "text": "Healthcare Provider"
      } ],
      "name": "PLYMOUTH REHABILITATION & HEALTH CARE CENTER",
      "telecom": [ {
        "system": "phone",
        "value": "5087464343"
      } ],
      "address": [ {
        "line": [ "123 SOUTH STREET" ],
        "city": "PLYMOUTH",
        "state": "MA",
        "postalCode": "023602945",
        "country": "US"
      } ]
    },
    "request": {
      "method": "POST",
      "url": "Organization",
      "ifNoneExist": "identifier=https://github.com/synthetichealth/synthea|8395b012-c9c6-3b96-a7f9-edd24c9a3006"
    }
  }, {
    "fullUrl": "urn:uuid:ccb1ae9e-8df5-3709-ba2a-b9e48e81654f",
    "resource": {
      "resourceType": "Location",
      "id": "ccb1ae9e-8df5-3709-ba2a-b9e48e81654f",
      "meta": {
        "profile": [ "http://hl7.org/fhir/us/core/StructureDefinition/us-core-location" ]
      },
      "identifier": [ {
        "system": "https://github.com/synthetichealth/synthea",
        "value": "ccb1ae9e-8df5-3709-ba2a-b9e48e81654f"
      } ],
      "status": "active",
      "name": "PLYMOUTH REHABILITATION & HEALTH CARE CENTER",
      "telecom": [ {
        "system": "phone",
        "value": "5087464343"
      } ],
      "address": {
        "line": [ "123 SOUTH STREET" ],
        "city": "PLYMOUTH",
        "state": "MA",
        "postalCode": "023602945",
        "country": "US"
      },
      "position": {
        "longitude": -70.6595797,
        "latitude": 41.9432166
      },
      "managingOrganization": {
        "identifier": {
          "system": "https://github.com/synthetichealth/synthea",
          "value": "8395b012-c9c6-3b96-a7f9-edd24c9a3006"
        },
        "display": "PLYMOUTH REHABILITATION & HEALTH CARE CENTER"
      }
    },
    "request": {
      "method": "POST",
      "url": "Location",
      "ifNoneExist": "identifier=https://github.com/synthetichealth/synthea|ccb1ae9e-8df5-3709-ba2a-b9e48e81654f"
    }
  }, {
    "fullUrl": "urn:uuid:936ceb96-2b12-371f-aa68-ee02a9c06f4c",
    "resource": {
      "resourceType": "Organization",
      "id": "936ceb96-2b12-371f-aa68-ee02a9c06f4c",
      "meta": {
        "profile": [ "http://hl7.org/fhir/us/core/StructureDefinition/us-core-organization" ]
      },
      "extension": [ {
        "url": "http://synthetichealth.github.io/synthea/utilization-encounters-extension",
        "valueInteger": 9
      }, {
        "url": "http://synthetichealth.github.io/synthea/utilization-procedures-extension",
        "valueInteger": 8
      }, {
        "url": "http://synthetichealth.github.io/synthea/utilization-labs-extension",
        "valueInteger": 1
      }, {
        "url": "http://synthetichealth.github.io/synthea/utilization-prescriptions-extension",
        "valueInteger": 1
      } ],
      "identifier": [ {
        "system": "https://github.com/synthetichealth/synthea",
        "value": "936ceb96-2b12-371f-aa68-ee02a9c06f4c"
      } ],
      "active": true,
      "type": [ {
        "coding": [ {
          "system": "http://terminology.hl7.org/CodeSystem/organization-type",
          "code": "prov",
          "display": "Healthcare Provider"
        } ],
        "text": "Healthcare Provider"
      } ],
      "name": "PRIMARY CARE NORTH PC",
      "telecom": [ {
        "system": "phone",
        "value": "7815959581"
      } ],
      "address": [ {
        "line": [ "225 BOSTON ST" ],
        "city": "LYNN",
        "state": "MA",
        "postalCode": "019043124",
        "country": "US"
      } ]
    },
    "request": {
      "method": "POST",
      "url": "Organization",
      "ifNoneExist": "identifier=https://github.com/synthetichealth/synthea|936ceb96-2b12-371f-aa68-ee02a9c06f4c"
    }
  }, {
    "fullUrl": "urn:uuid:adb59f43-8edb-38cf-b801-d02261e4de05",
    "resource": {
      "resourceType": "Location",
      "id": "adb59f43-8edb-38cf-b801-d02261e4de05",
      "meta": {
        "profile": [ "http://hl7.org/fhir/us/core/StructureDefinition/us-core-location" ]
      },
      "identifier": [ {
        "system": "https://github.com/synthetichealth/synthea",
        "value": "adb59f43-8edb-38cf-b801-d02261e4de05"
      } ],
      "status": "active",
      "name": "PRIMARY CARE NORTH PC",
      "telecom": [ {
        "system": "phone",
        "value": "7815959581"
      } ],
      "address": {
        "line": [ "225 BOSTON ST" ],
        "city": "LYNN",
        "state": "MA",
        "postalCode": "019043124",
        "country": "US"
      },
      "position": {
        "longitude": -70.96003668151566,
        "latitude": 42.470497449999996
      },
      "managingOrganization": {
        "identifier": {
          "system": "https://github.com/synthetichealth/synthea",
          "value": "936ceb96-2b12-371f-aa68-ee02a9c06f4c"
        },
        "display": "PRIMARY CARE NORTH PC"
      }
    },
    "request": {
      "method": "POST",
      "url": "Location",
      "ifNoneExist": "identifier=https://github.com/synthetichealth/synthea|adb59f43-8edb-38cf-b801-d02261e4de05"
    }
  }, {
    "fullUrl": "urn:uuid:51759ecf-0948-3f61-b8fc-09dd8f2b90a1",
    "resource": {
      "resourceType": "Organization",
      "id": "51759ecf-0948-3f61-b8fc-09dd8f2b90a1",
      "meta": {
        "profile": [ "http://hl7.org/fhir/us/core/StructureDefinition/us-core-organization" ]
      },
      "extension": [ {
        "url": "http://synthetichealth.github.io/synthea/utilization-encounters-extension",
        "valueInteger": 7
      }, {
        "url": "http://synthetichealth.github.io/synthea/utilization-procedures-extension",
        "valueInteger": 0
      }, {
        "url": "http://synthetichealth.github.io/synthea/utilization-labs-extension",
        "valueInteger": 0
      }, {
        "url": "http://synthetichealth.github.io/synthea/utilization-prescriptions-extension",
        "valueInteger": 0
      }, {
        "url": "http://synthetichealth.github.io/synthea/bed-count-extension",
        "valueInteger": 146
      } ],
      "identifier": [ {
        "system": "https://github.com/synthetichealth/synthea",
        "value": "51759ecf-0948-3f61-b8fc-09dd8f2b90a1"
      } ],
      "active": true,
      "type": [ {
        "coding": [ {
          "system": "http://terminology.hl7.org/CodeSystem/organization-type",
          "code": "prov",
          "display": "Healthcare Provider"
        } ],
        "text": "Healthcare Provider"
      } ],
      "name": "FAIRVIEW COMMONS NURSING & REHABILITATION CENTER",
      "telecom": [ {
        "system": "phone",
        "value": "4135284560"
      } ],
      "address": [ {
        "line": [ "CHRISTIAN HILL ROAD" ],
        "city": "GREAT BARRINGTON",
        "state": "MA",
        "postalCode": "012301108",
        "country": "US"
      } ]
    },
    "request": {
      "method": "POST",
      "url": "Organization",
      "ifNoneExist": "identifier=https://github.com/synthetichealth/synthea|51759ecf-0948-3f61-b8fc-09dd8f2b90a1"
    }
  }, {
    "fullUrl": "urn:uuid:466f9fc2-a6a5-3481-9a39-c52a6cf371d2",
    "resource": {
      "resourceType": "Location",
      "id": "466f9fc2-a6a5-3481-9a39-c52a6cf371d2",
      "meta": {
        "profile": [ "http://hl7.org/fhir/us/core/StructureDefinition/us-core-location" ]
      },
      "identifier": [ {
        "system": "https://github.com/synthetichealth/synthea",
        "value": "466f9fc2-a6a5-3481-9a39-c52a6cf371d2"
      } ],
      "status": "active",
      "name": "FAIRVIEW COMMONS NURSING & REHABILITATION CENTER",
      "telecom": [ {
        "system": "phone",
        "value": "4135284560"
      } ],
      "address": {
        "line": [ "CHRISTIAN HILL ROAD" ],
        "city": "GREAT BARRINGTON",
        "state": "MA",
        "postalCode": "012301108",
        "country": "US"
      },
      "position": {
        "longitude": -73.360405,
        "latitude": 42.207865
      },
      "managingOrganization": {
        "identifier": {
          "system": "https://github.com/synthetichealth/synthea",
          "value": "51759ecf-0948-3f61-b8fc-09dd8f2b90a1"
        },
        "display": "FAIRVIEW COMMONS NURSING & REHABILITATION CENTER"
      }
    },
    "request": {
      "method": "POST",
      "url": "Location",
      "ifNoneExist": "identifier=https://github.com/synthetichealth/synthea|466f9fc2-a6a5-3481-9a39-c52a6cf371d2"
    }
  }, {
    "fullUrl": "urn:uuid:4f59f709-8b84-3d27-a04b-c6b7b5544413",
    "resource": {
      "resourceType": "Organization",
      "id": "4f59f709-8b84-3d27-a04b-c6b7b5544413",
      "meta": {
        "profile": [ "http://hl7.org/fhir/us/core/StructureDefinition/us-core-organization" ]
      },
      "extension": [ {
        "url": "http://synthetichealth.github.io/synthea/utilization-encounters-extension",
        "valueInteger": 28
      }, {
        "url": "http://synthetichealth.github.io/synthea/utilization-procedures-extension",
        "valueInteger": 125
      }, {
        "url": "http://synthetichealth.github.io/synthea/utilization-labs-extension",
        "valueInteger": 16
      }, {
        "url": "http://synthetichealth.github.io/synthea/utilization-prescriptions-extension",
        "valueInteger": 15
      } ],
      "identifier": [ {
        "system": "https://github.com/synthetichealth/synthea",
        "value": "4f59f709-8b84-3d27-a04b-c6b7b5544413"
      } ],
      "active": true,
      "type": [ {
        "coding": [ {
          "system": "http://terminology.hl7.org/CodeSystem/organization-type",
          "code": "prov",
          "display": "Healthcare Provider"
        } ],
        "text": "Healthcare Provider"
      } ],
      "name": "HILLTOWN COMMUNITY HEALTH CENTERS INC",
      "telecom": [ {
        "system": "phone",
        "value": "4132385511"
      } ],
      "address": [ {
        "line": [ "70 BOLTWOOD WALK" ],
        "city": "AMHERST",
        "state": "MA",
        "postalCode": "010022271",
        "country": "US"
      } ]
    },
    "request": {
      "method": "POST",
      "url": "Organization",
      "ifNoneExist": "identifier=https://github.com/synthetichealth/synthea|4f59f709-8b84-3d27-a04b-c6b7b5544413"
    }
  }, {
    "fullUrl": "urn:uuid:9abf8887-4da2-3437-b6b1-cfab40b1721a",
    "resource": {
      "resourceType": "Location",
      "id": "9abf8887-4da2-3437-b6b1-cfab40b1721a",
      "meta": {
        "profile": [ "http://hl7.org/fhir/us/core/StructureDefinition/us-core-location" ]
      },
      "identifier": [ {
        "system": "https://github.com/synthetichealth/synthea",
        "value": "9abf8887-4da2-3437-b6b1-cfab40b1721a"
      } ],
      "status": "active",
      "name": "HILLTOWN COMMUNITY HEALTH CENTERS INC",
      "telecom": [ {
        "system": "phone",
        "value": "4132385511"
      } ],
      "address": {
        "line": [ "70 BOLTWOOD WALK" ],
        "city": "AMHERST",
        "state": "MA",
        "postalCode": "010022271",
        "country": "US"
      },
      "position": {
        "longitude": -72.51840280783739,
        "latitude": 42.3768779
      },
      "managingOrganization": {
        "identifier": {
          "system": "https://github.com/synthetichealth/synthea",
          "value": "4f59f709-8b84-3d27-a04b-c6b7b5544413"
        },
        "display": "HILLTOWN COMMUNITY HEALTH CENTERS INC"
      }
    },
    "request": {
      "method": "POST",
      "url": "Location",
      "ifNoneExist": "identifier=https://github.com/synthetichealth/synthea|9abf8887-4da2-3437-b6b1-cfab40b1721a"
    }
  }, {
    "fullUrl": "urn:uuid:2fbb592e-2154-3a4d-856e-467d7ba5bed7",
    "resource": {
      "resourceType": "Organization",
      "id": "2fbb592e-2154-3a4d-856e-467d7ba5bed7",
      "meta": {
        "profile": [ "http://hl7.org/fhir/us/core/StructureDefinition/us-core-organization" ]
      },
      "extension": [ {
        "url": "http://synthetichealth.github.io/synthea/utilization-encounters-extension",
        "valueInteger": 40
      }, {
        "url": "http://synthetichealth.github.io/synthea/utilization-procedures-extension",
        "valueInteger": 467
      }, {
        "url": "http://synthetichealth.github.io/synthea/utilization-labs-extension",
        "valueInteger": 68
      }, {
        "url": "http://synthetichealth.github.io/synthea/utilization-prescriptions-extension",
        "valueInteger": 45
      } ],
      "identifier": [ {
        "system": "https://github.com/synthetichealth/synthea",
        "value": "2fbb592e-2154-3a4d-856e-467d7ba5bed7"
      } ],
      "active": true,
      "type": [ {
        "coding": [ {
          "system": "http://terminology.hl7.org/CodeSystem/organization-type",
          "code": "prov",
          "display": "Healthcare Provider"
        } ],
        "text": "Healthcare Provider"
      } ],
      "name": "FAIRVIEW HOSPITAL",
      "telecom": [ {
        "system": "phone",
        "value": "4135288643"
      } ],
      "address": [ {
        "line": [ "780 MAIN ST" ],
        "city": "GREAT BARRINGTON",
        "state": "MA",
        "postalCode": "012302148",
        "country": "US"
      } ]
    },
    "request": {
      "method": "POST",
      "url": "Organization",
      "ifNoneExist": "identifier=https://github.com/synthetichealth/synthea|2fbb592e-2154-3a4d-856e-467d7ba5bed7"
    }
  }, {
    "fullUrl": "urn:uuid:fd8b940f-d153-39d0-9445-313aa12f8a83",
    "resource": {
      "resourceType": "Location",
      "id": "fd8b940f-d153-39d0-9445-313aa12f8a83",
      "meta": {
        "profile": [ "http://hl7.org/fhir/us/core/StructureDefinition/us-core-location" ]
      },
      "identifier": [ {
        "system": "https://github.com/synthetichealth/synthea",
        "value": "fd8b940f-d153-39d0-9445-313aa12f8a83"
      } ],
      "status": "active",
      "name": "FAIRVIEW HOSPITAL",
      "telecom": [ {
        "system": "phone",
        "value": "4135288643"
      } ],
      "address": {
        "line": [ "780 MAIN ST" ],
        "city": "GREAT BARRINGTON",
        "state": "MA",
        "postalCode": "012302148",
        "country": "US"
      },
      "position": {
        "longitude": -73.36310566431717,
        "latitude": 42.17823835
      },
      "managingOrganization": {
        "identifier": {
          "system": "https://github.com/synthetichealth/synthea",
          "value": "2fbb592e-2154-3a4d-856e-467d7ba5bed7"
        },
        "display": "FAIRVIEW HOSPITAL"
      }
    },
    "request": {
      "method": "POST",
      "url": "Location",
      "ifNoneExist": "identifier=https://github.com/synthetichealth/synthea|fd8b940f-d153-39d0-9445-313aa12f8a83"
    }
  }, {
    "fullUrl": "urn:uuid:69cb2157-b620-3c51-9c94-f516462d2d55",
    "resource": {
      "resourceType": "Organization",
      "id": "69cb2157-b620-3c51-9c94-f516462d2d55",
      "meta": {
        "profile": [ "http://hl7.org/fhir/us/core/StructureDefinition/us-core-organization" ]
      },
      "extension": [ {
        "url": "http://synthetichealth.github.io/synthea/utilization-encounters-extension",
        "valueInteger": 31
      }, {
        "url": "http://synthetichealth.github.io/synthea/utilization-procedures-extension",
        "valueInteger": 202
      }, {
        "url": "http://synthetichealth.github.io/synthea/utilization-labs-extension",
        "valueInteger": 30
      }, {
        "url": "http://synthetichealth.github.io/synthea/utilization-prescriptions-extension",
        "valueInteger": 17
      } ],
      "identifier": [ {
        "system": "https://github.com/synthetichealth/synthea",
        "value": "69cb2157-b620-3c51-9c94-f516462d2d55"
      } ],
      "active": true,
      "type": [ {
        "coding": [ {
          "system": "http://terminology.hl7.org/CodeSystem/organization-type",
          "code": "prov",
          "display": "Healthcare Provider"
        } ],
        "text": "Healthcare Provider"
      } ],
      "name": "FAMILY PRACTICE GROUP PC",
      "telecom": [ {
        "system": "phone",
        "value": "7816489700"
      } ],
      "address": [ {
        "line": [ "11 WATER ST" ],
        "city": "ARLINGTON",
        "state": "MA",
        "postalCode": "02476",
        "country": "US"
      } ]
    },
    "request": {
      "method": "POST",
      "url": "Organization",
      "ifNoneExist": "identifier=https://github.com/synthetichealth/synthea|69cb2157-b620-3c51-9c94-f516462d2d55"
    }
  }, {
    "fullUrl": "urn:uuid:4485298a-aaef-3aa4-aedf-fc01a612fd28",
    "resource": {
      "resourceType": "Location",
      "id": "4485298a-aaef-3aa4-aedf-fc01a612fd28",
      "meta": {
        "profile": [ "http://hl7.org/fhir/us/core/StructureDefinition/us-core-location" ]
      },
      "identifier": [ {
        "system": "https://github.com/synthetichealth/synthea",
        "value": "4485298a-aaef-3aa4-aedf-fc01a612fd28"
      } ],
      "status": "active",
      "name": "FAMILY PRACTICE GROUP PC",
      "telecom": [ {
        "system": "phone",
        "value": "7816489700"
      } ],
      "address": {
        "line": [ "11 WATER ST" ],
        "city": "ARLINGTON",
        "state": "MA",
        "postalCode": "02476",
        "country": "US"
      },
      "position": {
        "longitude": -71.15424293038585,
        "latitude": 42.41642055
      },
      "managingOrganization": {
        "identifier": {
          "system": "https://github.com/synthetichealth/synthea",
          "value": "69cb2157-b620-3c51-9c94-f516462d2d55"
        },
        "display": "FAMILY PRACTICE GROUP PC"
      }
    },
    "request": {
      "method": "POST",
      "url": "Location",
      "ifNoneExist": "identifier=https://github.com/synthetichealth/synthea|4485298a-aaef-3aa4-aedf-fc01a612fd28"
    }
  }, {
    "fullUrl": "urn:uuid:a25107f7-f4f5-36fc-98e4-f3e1b5875c91",
    "resource": {
      "resourceType": "Organization",
      "id": "a25107f7-f4f5-36fc-98e4-f3e1b5875c91",
      "meta": {
        "profile": [ "http://hl7.org/fhir/us/core/StructureDefinition/us-core-organization" ]
      },
      "extension": [ {
        "url": "http://synthetichealth.github.io/synthea/utilization-encounters-extension",
        "valueInteger": 1
      }, {
        "url": "http://synthetichealth.github.io/synthea/utilization-procedures-extension",
        "valueInteger": 0
      }, {
        "url": "http://synthetichealth.github.io/synthea/utilization-labs-extension",
        "valueInteger": 0
      }, {
        "url": "http://synthetichealth.github.io/synthea/utilization-prescriptions-extension",
        "valueInteger": 0
      } ],
      "identifier": [ {
        "system": "https://github.com/synthetichealth/synthea",
        "value": "a25107f7-f4f5-36fc-98e4-f3e1b5875c91"
      } ],
      "active": true,
      "type": [ {
        "coding": [ {
          "system": "http://terminology.hl7.org/CodeSystem/organization-type",
          "code": "prov",
          "display": "Healthcare Provider"
        } ],
        "text": "Healthcare Provider"
      } ],
      "name": "MASS GENERAL BRIGHAM URGENT CARE LLC",
      "telecom": [ {
        "system": "phone",
        "value": "6177516205"
      } ],
      "address": [ {
        "line": [ "1285 BEACON ST" ],
        "city": "WOBURN",
        "state": "MA",
        "postalCode": "018012157",
        "country": "US"
      } ]
    },
    "request": {
      "method": "POST",
      "url": "Organization",
      "ifNoneExist": "identifier=https://github.com/synthetichealth/synthea|a25107f7-f4f5-36fc-98e4-f3e1b5875c91"
    }
  }, {
    "fullUrl": "urn:uuid:cf117c25-4eca-3432-af54-bf059141b5ea",
    "resource": {
      "resourceType": "Location",
      "id": "cf117c25-4eca-3432-af54-bf059141b5ea",
      "meta": {
        "profile": [ "http://hl7.org/fhir/us/core/StructureDefinition/us-core-location" ]
      },
      "identifier": [ {
        "system": "https://github.com/synthetichealth/synthea",
        "value": "cf117c25-4eca-3432-af54-bf059141b5ea"
      } ],
      "status": "active",
      "name": "MASS GENERAL BRIGHAM URGENT CARE LLC",
      "telecom": [ {
        "system": "phone",
        "value": "6177516205"
      } ],
      "address": {
        "line": [ "1285 BEACON ST" ],
        "city": "WOBURN",
        "state": "MA",
        "postalCode": "018012157",
        "country": "US"
      },
      "position": {
        "longitude": -71.1684508,
        "latitude": 42.4979478
      },
      "managingOrganization": {
        "identifier": {
          "system": "https://github.com/synthetichealth/synthea",
          "value": "a25107f7-f4f5-36fc-98e4-f3e1b5875c91"
        },
        "display": "MASS GENERAL BRIGHAM URGENT CARE LLC"
      }
    },
    "request": {
      "method": "POST",
      "url": "Location",
      "ifNoneExist": "identifier=https://github.com/synthetichealth/synthea|cf117c25-4eca-3432-af54-bf059141b5ea"
    }
  }, {
    "fullUrl": "urn:uuid:0592d4e5-a0fb-3143-83cd-8e5a6b066a96",
    "resource": {
      "resourceType": "Organization",
      "id": "0592d4e5-a0fb-3143-83cd-8e5a6b066a96",
      "meta": {
        "profile": [ "http://hl7.org/fhir/us/core/StructureDefinition/us-core-organization" ]
      },
      "extension": [ {
        "url": "http://synthetichealth.github.io/synthea/utilization-encounters-extension",
        "valueInteger": 1
      }, {
        "url": "http://synthetichealth.github.io/synthea/utilization-procedures-extension",
        "valueInteger": 0
      }, {
        "url": "http://synthetichealth.github.io/synthea/utilization-labs-extension",
        "valueInteger": 0
      }, {
        "url": "http://synthetichealth.github.io/synthea/utilization-prescriptions-extension",
        "valueInteger": 0
      } ],
      "identifier": [ {
        "system": "https://github.com/synthetichealth/synthea",
        "value": "0592d4e5-a0fb-3143-83cd-8e5a6b066a96"
      } ],
      "active": true,
      "type": [ {
        "coding": [ {
          "system": "http://terminology.hl7.org/CodeSystem/organization-type",
          "code": "prov",
          "display": "Healthcare Provider"
        } ],
        "text": "Healthcare Provider"
      } ],
      "name": "SOUTH SHORE PRIMARY AND URGENT CARE LLC",
      "telecom": [ {
        "system": "phone",
        "value": "7815610460"
      } ],
      "address": [ {
        "line": [ "20 EAST ST" ],
        "city": "HANOVER",
        "state": "MA",
        "postalCode": "023391638",
        "country": "US"
      } ]
    },
    "request": {
      "method": "POST",
      "url": "Organization",
      "ifNoneExist": "identifier=https://github.com/synthetichealth/synthea|0592d4e5-a0fb-3143-83cd-8e5a6b066a96"
    }
  }, {
    "fullUrl": "urn:uuid:babb5508-b5dd-3973-8aca-e80876d2ab06",
    "resource": {
      "resourceType": "Location",
      "id": "babb5508-b5dd-3973-8aca-e80876d2ab06",
      "meta": {
        "profile": [ "http://hl7.org/fhir/us/core/StructureDefinition/us-core-location" ]
      },
      "identifier": [ {
        "system": "https://github.com/synthetichealth/synthea",
        "value": "babb5508-b5dd-3973-8aca-e80876d2ab06"
      } ],
      "status": "active",
      "name": "SOUTH SHORE PRIMARY AND URGENT CARE LLC",
      "telecom": [ {
        "system": "phone",
        "value": "7815610460"
      } ],
      "address": {
        "line": [ "20 EAST ST" ],
        "city": "HANOVER",
        "state": "MA",
        "postalCode": "023391638",
        "country": "US"
      },
      "position": {
        "longitude": -70.82664947485381,
        "latitude": 42.1278249
      },
      "managingOrganization": {
        "identifier": {
          "system": "https://github.com/synthetichealth/synthea",
          "value": "0592d4e5-a0fb-3143-83cd-8e5a6b066a96"
        },
        "display": "SOUTH SHORE PRIMARY AND URGENT CARE LLC"
      }
    },
    "request": {
      "method": "POST",
      "url": "Location",
      "ifNoneExist": "identifier=https://github.com/synthetichealth/synthea|babb5508-b5dd-3973-8aca-e80876d2ab06"
    }
  }, {
    "fullUrl": "urn:uuid:bb1ad573-19b8-9cd8-68fb-0e6f684df992",
    "resource": {
      "resourceType": "Location",
      "id": "bb1ad573-19b8-9cd8-68fb-0e6f684df992",
      "identifier": [ {
        "system": "https://github.com/synthetichealth/synthea",
        "value": "bb1ad573-19b8-9cd8-68fb-0e6f684df992"
      } ],
      "status": "active",
      "description": "Patient's Home",
      "mode": "kind",
      "physicalType": {
        "coding": [ {
          "system": "http://terminology.hl7.org/CodeSystem/location-physical-type",
          "code": "ho",
          "display": "House"
        } ]
      }
    },
    "request": {
      "method": "POST",
      "url": "Location",
      "ifNoneExist": "identifier=https://github.com/synthetichealth/synthea|bb1ad573-19b8-9cd8-68fb-0e6f684df992"
    }
  } ]
}
