{
  "resourceType": "Bundle",
  "type": "batch",
  "entry": [ {
    "fullUrl": "urn:uuid:88c3cb63-2d6b-3fa0-828b-c29f82caff0a",
    "resource": {
      "resourceType": "Practitioner",
      "id": "88c3cb63-2d6b-3fa0-828b-c29f82caff0a",
      "meta": {
        "profile": [ "http://hl7.org/fhir/us/core/StructureDefinition/us-core-practitioner" ]
      },
      "extension": [ {
        "url": "http://synthetichealth.github.io/synthea/utilization-encounters-extension",
        "valueInteger": 153
      } ],
      "identifier": [ {
        "system": "http://hl7.org/fhir/sid/us-npi",
        "value": "9999986190"
      } ],
      "active": true,
      "name": [ {
        "family": "Ankunding277",
        "given": [ "Theodore876" ],
        "prefix": [ "Dr." ]
      } ],
      "telecom": [ {
        "extension": [ {
          "url": "http://hl7.org/fhir/us/core/StructureDefinition/us-core-direct",
          "valueBoolean": true
        } ],
        "system": "email",
        "value": "Theodore876.Ankunding277@example.com",
        "use": "work"
      } ],
      "address": [ {
        "line": [ "29 LEWIS AVE" ],
        "city": "GREAT BARRINGTON",
        "state": "MA",
        "postalCode": "012301713",
        "country": "US"
      } ],
      "gender": "male"
    },
    "request": {
      "method": "POST",
      "url": "Practitioner",
      "ifNoneExist": "identifier=http://hl7.org/fhir/sid/us-npi|9999986190"
    }
  }, {
    "fullUrl": "urn:uuid:bfd3cf68-eba7-e476-40d6-2781cbcaf321",
    "resource": {
      "resourceType": "PractitionerRole",
      "id": "bfd3cf68-eba7-e476-40d6-2781cbcaf321",
      "meta": {
        "profile": [ "http://hl7.org/fhir/us/core/StructureDefinition/us-core-practitionerrole" ]
      },
      "practitioner": {
        "identifier": {
          "system": "http://hl7.org/fhir/sid/us-npi",
          "value": "9999986190"
        },
        "display": "Dr. Theodore876 Ankunding277"
      },
      "organization": {
        "identifier": {
          "system": "https://github.com/synthetichealth/synthea",
          "value": "1faab3d1-2ae5-3110-8e5f-c65b92ca906d"
        },
        "display": "FAIRVIEW HOSPITAL"
      },
      "code": [ {
        "coding": [ {
          "system": "http://nucc.org/provider-taxonomy",
          "code": "208D00000X",
          "display": "General Practice Physician"
        } ],
        "text": "General Practice Physician"
      } ],
      "specialty": [ {
        "coding": [ {
          "system": "http://nucc.org/provider-taxonomy",
          "code": "208D00000X",
          "display": "General Practice Physician"
        } ],
        "text": "General Practice Physician"
      } ],
      "location": [ {
        "identifier": {
          "system": "https://github.com/synthetichealth/synthea",
          "value": "13b4306d-4328-3fdf-b2f1-88d2dbd4bc31"
        },
        "display": "FAIRVIEW HOSPITAL"
      } ],
      "telecom": [ {
        "system": "phone",
        "value": "4135280790"
      }, {
        "extension": [ {
          "url": "http://hl7.org/fhir/us/core/StructureDefinition/us-core-direct",
          "valueBoolean": true
        } ],
        "system": "email",
        "value": "Theodore876.Ankunding277@example.com",
        "use": "work"
      } ]
    },
    "request": {
      "method": "POST",
      "url": "PractitionerRole"
    }
  }, {
    "fullUrl": "urn:uuid:379a24d5-562b-37c7-89de-4e4016119efc",
    "resource": {
      "resourceType": "Practitioner",
      "id": "379a24d5-562b-37c7-89de-4e4016119efc",
      "meta": {
        "profile": [ "http://hl7.org/fhir/us/core/StructureDefinition/us-core-practitioner" ]
      },
      "extension": [ {
        "url": "http://synthetichealth.github.io/synthea/utilization-encounters-extension",
        "valueInteger": 2
      } ],
      "identifier": [ {
        "system": "http://hl7.org/fhir/sid/us-npi",
        "value": "9999993998"
      } ],
      "active": true,
      "name": [ {
        "family": "Batz141",
        "given": [ "Sharron285" ],
        "prefix": [ "Dr." ]
      } ],
      "telecom": [ {
        "extension": [ {
          "url": "http://hl7.org/fhir/us/core/StructureDefinition/us-core-direct",
          "valueBoolean": true
        } ],
        "system": "email",
        "value": "Sharron285.Batz141@example.com",
        "use": "work"
      } ],
      "address": [ {
        "line": [ "88 EAST NEWTON STREET" ],
        "city": "WINTHROP",
        "state": "MA",
        "postalCode": "021522715",
        "country": "US"
      } ],
      "gender": "female"
    },
    "request": {
      "method": "POST",
      "url": "Practitioner",
      "ifNoneExist": "identifier=http://hl7.org/fhir/sid/us-npi|9999993998"
    }
  }, {
    "fullUrl": "urn:uuid:b3a768bb-85b8-c7f0-7e55-24921af8e189",
    "resource": {
      "resourceType": "PractitionerRole",
      "id": "b3a768bb-85b8-c7f0-7e55-24921af8e189",
      "meta": {
        "profile": [ "http://hl7.org/fhir/us/core/StructureDefinition/us-core-practitionerrole" ]
      },
      "practitioner": {
        "identifier": {
          "system": "http://hl7.org/fhir/sid/us-npi",
          "value": "9999993998"
        },
        "display": "Dr. Sharron285 Batz141"
      },
      "organization": {
        "identifier": {
          "system": "https://github.com/synthetichealth/synthea",
          "value": "0fedae9f-701f-3317-9b2f-69aea2202cdc"
        },
        "display": "BOSTON MEDICAL CENTER CORPORATION-"
      },
      "code": [ {
        "coding": [ {
          "system": "http://nucc.org/provider-taxonomy",
          "code": "208D00000X",
          "display": "General Practice Physician"
        } ],
        "text": "General Practice Physician"
      } ],
      "specialty": [ {
        "coding": [ {
          "system": "http://nucc.org/provider-taxonomy",
          "code": "208D00000X",
          "display": "General Practice Physician"
        } ],
        "text": "General Practice Physician"
      } ],
      "location": [ {
        "identifier": {
          "system": "https://github.com/synthetichealth/synthea",
          "value": "5d5ac7a4-7c31-3868-a7c1-d16c34243530"
        },
        "display": "BOSTON MEDICAL CENTER CORPORATION-"
      } ],
      "telecom": [ {
        "system": "phone",
        "value": "6176388000"
      }, {
        "extension": [ {
          "url": "http://hl7.org/fhir/us/core/StructureDefinition/us-core-direct",
          "valueBoolean": true
        } ],
        "system": "email",
        "value": "Sharron285.Batz141@example.com",
        "use": "work"
      } ]
    },
    "request": {
      "method": "POST",
      "url": "PractitionerRole"
    }
  }, {
    "fullUrl": "urn:uuid:51b6176e-8a56-3529-94ff-b0cfb479dc38",
    "resource": {
      "resourceType": "Practitioner",
      "id": "51b6176e-8a56-3529-94ff-b0cfb479dc38",
      "meta": {
        "profile": [ "http://hl7.org/fhir/us/core/StructureDefinition/us-core-practitioner" ]
      },
      "extension": [ {
        "url": "http://synthetichealth.github.io/synthea/utilization-encounters-extension",
        "valueInteger": 21
      } ],
      "identifier": [ {
        "system": "http://hl7.org/fhir/sid/us-npi",
        "value": "9999988493"
      } ],
      "active": true,
      "name": [ {
        "family": "Kuphal363",
        "given": [ "Saundra460" ],
        "prefix": [ "Dr." ]
      } ],
      "telecom": [ {
        "extension": [ {
          "url": "http://hl7.org/fhir/us/core/StructureDefinition/us-core-direct",
          "valueBoolean": true
        } ],
        "system": "email",
        "value": "Saundra460.Kuphal363@example.com",
        "use": "work"
      } ],
      "address": [ {
        "line": [ "30 LOCUST ST" ],
        "city": "NORTHAMPTON",
        "state": "MA",
        "postalCode": "010602052",
        "country": "US"
      } ],
      "gender": "female"
    },
    "request": {
      "method": "POST",
      "url": "Practitioner",
      "ifNoneExist": "identifier=http://hl7.org/fhir/sid/us-npi|9999988493"
    }
  }, {
    "fullUrl": "urn:uuid:f7dcdf3e-66ce-1b35-ab11-d5ed4995a11b",
    "resource": {
      "resourceType": "PractitionerRole",
      "id": "f7dcdf3e-66ce-1b35-ab11-d5ed4995a11b",
      "meta": {
        "profile": [ "http://hl7.org/fhir/us/core/StructureDefinition/us-core-practitionerrole" ]
      },
      "practitioner": {
        "identifier": {
          "system": "http://hl7.org/fhir/sid/us-npi",
          "value": "9999988493"
        },
        "display": "Dr. Saundra460 Kuphal363"
      },
      "organization": {
        "identifier": {
          "system": "https://github.com/synthetichealth/synthea",
          "value": "b8421363-9807-3b16-a146-95336eea5cfb"
        },
        "display": "COOLEY DICKINSON HOSPITAL INC"
      },
      "code": [ {
        "coding": [ {
          "system": "http://nucc.org/provider-taxonomy",
          "code": "208D00000X",
          "display": "General Practice Physician"
        } ],
        "text": "General Practice Physician"
      } ],
      "specialty": [ {
        "coding": [ {
          "system": "http://nucc.org/provider-taxonomy",
          "code": "208D00000X",
          "display": "General Practice Physician"
        } ],
        "text": "General Practice Physician"
      } ],
      "location": [ {
        "identifier": {
          "system": "https://github.com/synthetichealth/synthea",
          "value": "0a6d5a96-47be-30f7-b20c-c49f38fde2a1"
        },
        "display": "COOLEY DICKINSON HOSPITAL INC"
      } ],
      "telecom": [ {
        "system": "phone",
        "value": "4135822000"
      }, {
        "extension": [ {
          "url": "http://hl7.org/fhir/us/core/StructureDefinition/us-core-direct",
          "valueBoolean": true
        } ],
        "system": "email",
        "value": "Saundra460.Kuphal363@example.com",
        "use": "work"
      } ]
    },
    "request": {
      "method": "POST",
      "url": "PractitionerRole"
    }
  }, {
    "fullUrl": "urn:uuid:f03e18e8-d1e9-35bb-a2c8-10bbbf9e6e1a",
    "resource": {
      "resourceType": "Practitioner",
      "id": "f03e18e8-d1e9-35bb-a2c8-10bbbf9e6e1a",
      "meta": {
        "profile": [ "http://hl7.org/fhir/us/core/StructureDefinition/us-core-practitioner" ]
      },
      "extension": [ {
        "url": "http://synthetichealth.github.io/synthea/utilization-encounters-extension",
        "valueInteger": 32
      } ],
      "identifier": [ {
        "system": "http://hl7.org/fhir/sid/us-npi",
        "value": "9999995399"
      } ],
      "active": true,
      "name": [ {
        "family": "Stehr398",
        "given": [ "Rochell365" ],
        "prefix": [ "Dr." ]
      } ],
      "telecom": [ {
        "extension": [ {
          "url": "http://hl7.org/fhir/us/core/StructureDefinition/us-core-direct",
          "valueBoolean": true
        } ],
        "system": "email",
        "value": "Rochell365.Stehr398@example.com",
        "use": "work"
      } ],
      "address": [ {
        "line": [ "300 SOUTH ST" ],
        "city": "WOBURN",
        "state": "MA",
        "postalCode": "018014979",
        "country": "US"
      } ],
      "gender": "female"
    },
    "request": {
      "method": "POST",
      "url": "Practitioner",
      "ifNoneExist": "identifier=http://hl7.org/fhir/sid/us-npi|9999995399"
    }
  }, {
    "fullUrl": "urn:uuid:6e0cc56d-72bd-c775-9b1f-1035130b3d7d",
    "resource": {
      "resourceType": "PractitionerRole",
      "id": "6e0cc56d-72bd-c775-9b1f-1035130b3d7d",
      "meta": {
        "profile": [ "http://hl7.org/fhir/us/core/StructureDefinition/us-core-practitionerrole" ]
      },
      "practitioner": {
        "identifier": {
          "system": "http://hl7.org/fhir/sid/us-npi",
          "value": "9999995399"
        },
        "display": "Dr. Rochell365 Stehr398"
      },
      "organization": {
        "identifier": {
          "system": "https://github.com/synthetichealth/synthea",
          "value": "5018c664-e283-30eb-932a-529d9a19b3b5"
        },
        "display": "FIRST PSYCHIATRIC PLANNERS, INC"
      },
      "code": [ {
        "coding": [ {
          "system": "http://nucc.org/provider-taxonomy",
          "code": "208D00000X",
          "display": "General Practice Physician"
        } ],
        "text": "General Practice Physician"
      } ],
      "specialty": [ {
        "coding": [ {
          "system": "http://nucc.org/provider-taxonomy",
          "code": "208D00000X",
          "display": "General Practice Physician"
        } ],
        "text": "General Practice Physician"
      } ],
      "location": [ {
        "identifier": {
          "system": "https://github.com/synthetichealth/synthea",
          "value": "6f1bb370-f9f8-3678-8d87-527cb322efd6"
        },
        "display": "FIRST PSYCHIATRIC PLANNERS, INC"
      } ],
      "telecom": [ {
        "system": "phone",
        "value": "6174690300"
      }, {
        "extension": [ {
          "url": "http://hl7.org/fhir/us/core/StructureDefinition/us-core-direct",
          "valueBoolean": true
        } ],
        "system": "email",
        "value": "Rochell365.Stehr398@example.com",
        "use": "work"
      } ]
    },
    "request": {
      "method": "POST",
      "url": "PractitionerRole"
    }
  }, {
    "fullUrl": "urn:uuid:6e163b99-d559-32b5-abb5-642cecefb632",
    "resource": {
      "resourceType": "Practitioner",
      "id": "6e163b99-d559-32b5-abb5-642cecefb632",
      "meta": {
        "profile": [ "http://hl7.org/fhir/us/core/StructureDefinition/us-core-practitioner" ]
      },
      "extension": [ {
        "url": "http://synthetichealth.github.io/synthea/utilization-encounters-extension",
        "valueInteger": 75
      } ],
      "identifier": [ {
        "system": "http://hl7.org/fhir/sid/us-npi",
        "value": "9999998997"
      } ],
      "active": true,
      "name": [ {
        "family": "McCullough561",
        "given": [ "Winston220" ],
        "prefix": [ "Dr." ]
      } ],
      "telecom": [ {
        "extension": [ {
          "url": "http://hl7.org/fhir/us/core/StructureDefinition/us-core-direct",
          "valueBoolean": true
        } ],
        "system": "email",
        "value": "Winston220.McCullough561@example.com",
        "use": "work"
      } ],
      "address": [ {
        "line": [ "275 SANDWICH ST" ],
        "city": "PLYMOUTH",
        "state": "MA",
        "postalCode": "023607761",
        "country": "US"
      } ],
      "gender": "male"
    },
    "request": {
      "method": "POST",
      "url": "Practitioner",
      "ifNoneExist": "identifier=http://hl7.org/fhir/sid/us-npi|9999998997"
    }
  }, {
    "fullUrl": "urn:uuid:28f80604-d264-7c44-4357-26f56a9a577e",
    "resource": {
      "resourceType": "PractitionerRole",
      "id": "28f80604-d264-7c44-4357-26f56a9a577e",
      "meta": {
        "profile": [ "http://hl7.org/fhir/us/core/StructureDefinition/us-core-practitionerrole" ]
      },
      "practitioner": {
        "identifier": {
          "system": "http://hl7.org/fhir/sid/us-npi",
          "value": "9999998997"
        },
        "display": "Dr. Winston220 McCullough561"
      },
      "organization": {
        "identifier": {
          "system": "https://github.com/synthetichealth/synthea",
          "value": "3ff0f58b-7a1f-3334-9449-ff15f68b7d86"
        },
        "display": "BETH ISRAEL DEACONESS HOSPITAL PLYMOUTH INC"
      },
      "code": [ {
        "coding": [ {
          "system": "http://nucc.org/provider-taxonomy",
          "code": "208D00000X",
          "display": "General Practice Physician"
        } ],
        "text": "General Practice Physician"
      } ],
      "specialty": [ {
        "coding": [ {
          "system": "http://nucc.org/provider-taxonomy",
          "code": "208D00000X",
          "display": "General Practice Physician"
        } ],
        "text": "General Practice Physician"
      } ],
      "location": [ {
        "identifier": {
          "system": "https://github.com/synthetichealth/synthea",
          "value": "69fc5bac-35b9-3671-9b39-e157b58b6207"
        },
        "display": "BETH ISRAEL DEACONESS HOSPITAL PLYMOUTH INC"
      } ],
      "telecom": [ {
        "system": "phone",
        "value": "5087462000"
      }, {
        "extension": [ {
          "url": "http://hl7.org/fhir/us/core/StructureDefinition/us-core-direct",
          "valueBoolean": true
        } ],
        "system": "email",
        "value": "Winston220.McCullough561@example.com",
        "use": "work"
      } ]
    },
    "request": {
      "method": "POST",
      "url": "PractitionerRole"
    }
  }, {
    "fullUrl": "urn:uuid:c7ee82e9-202a-39c7-94d3-f3733b46cf55",
    "resource": {
      "resourceType": "Practitioner",
      "id": "c7ee82e9-202a-39c7-94d3-f3733b46cf55",
      "meta": {
        "profile": [ "http://hl7.org/fhir/us/core/StructureDefinition/us-core-practitioner" ]
      },
      "extension": [ {
        "url": "http://synthetichealth.github.io/synthea/utilization-encounters-extension",
        "valueInteger": 63
      } ],
      "identifier": [ {
        "system": "http://hl7.org/fhir/sid/us-npi",
        "value": "9999945295"
      } ],
      "active": true,
      "name": [ {
        "family": "Kreiger457",
        "given": [ "Mable471" ],
        "prefix": [ "Dr." ]
      } ],
      "telecom": [ {
        "extension": [ {
          "url": "http://hl7.org/fhir/us/core/StructureDefinition/us-core-direct",
          "valueBoolean": true
        } ],
        "system": "email",
        "value": "Mable471.Kreiger457@example.com",
        "use": "work"
      } ],
      "address": [ {
        "line": [ "212 S MEADOW RD UNIT 5C" ],
        "city": "PLYMOUTH",
        "state": "MA",
        "postalCode": "023605450",
        "country": "US"
      } ],
      "gender": "female"
    },
    "request": {
      "method": "POST",
      "url": "Practitioner",
      "ifNoneExist": "identifier=http://hl7.org/fhir/sid/us-npi|9999945295"
    }
  }, {
    "fullUrl": "urn:uuid:7b900db4-87a0-5420-0d28-e23036c76f74",
    "resource": {
      "resourceType": "PractitionerRole",
      "id": "7b900db4-87a0-5420-0d28-e23036c76f74",
      "meta": {
        "profile": [ "http://hl7.org/fhir/us/core/StructureDefinition/us-core-practitionerrole" ]
      },
      "practitioner": {
        "identifier": {
          "system": "http://hl7.org/fhir/sid/us-npi",
          "value": "9999945295"
        },
        "display": "Dr. Mable471 Kreiger457"
      },
      "organization": {
        "identifier": {
          "system": "https://github.com/synthetichealth/synthea",
          "value": "34f7bdc0-0550-333e-a53f-5e2af5a6d4ec"
        },
        "display": "PLYMOUTH FAMILY OPTOMETRY LLC"
      },
      "code": [ {
        "coding": [ {
          "system": "http://nucc.org/provider-taxonomy",
          "code": "208D00000X",
          "display": "General Practice Physician"
        } ],
        "text": "General Practice Physician"
      } ],
      "specialty": [ {
        "coding": [ {
          "system": "http://nucc.org/provider-taxonomy",
          "code": "208D00000X",
          "display": "General Practice Physician"
        } ],
        "text": "General Practice Physician"
      } ],
      "location": [ {
        "identifier": {
          "system": "https://github.com/synthetichealth/synthea",
          "value": "fe866b5d-de93-3b1e-afa1-f79d6ee416ba"
        },
        "display": "PLYMOUTH FAMILY OPTOMETRY LLC"
      } ],
      "telecom": [ {
        "system": "phone",
        "value": "7742834005"
      }, {
        "extension": [ {
          "url": "http://hl7.org/fhir/us/core/StructureDefinition/us-core-direct",
          "valueBoolean": true
        } ],
        "system": "email",
        "value": "Mable471.Kreiger457@example.com",
        "use": "work"
      } ]
    },
    "request": {
      "method": "POST",
      "url": "PractitionerRole"
    }
  }, {
    "fullUrl": "urn:uuid:2d60840b-5971-3637-b157-8e0f21a41622",
    "resource": {
      "resourceType": "Practitioner",
      "id": "2d60840b-5971-3637-b157-8e0f21a41622",
      "meta": {
        "profile": [ "http://hl7.org/fhir/us/core/StructureDefinition/us-core-practitioner" ]
      },
      "extension": [ {
        "url": "http://synthetichealth.github.io/synthea/utilization-encounters-extension",
        "valueInteger": 1
      } ],
      "identifier": [ {
        "system": "http://hl7.org/fhir/sid/us-npi",
        "value": "9999889196"
      } ],
      "active": true,
      "name": [ {
        "family": "Hermiston71",
        "given": [ "Charley358" ],
        "prefix": [ "Dr." ]
      } ],
      "telecom": [ {
        "extension": [ {
          "url": "http://hl7.org/fhir/us/core/StructureDefinition/us-core-direct",
          "valueBoolean": true
        } ],
        "system": "email",
        "value": "Charley358.Hermiston71@example.com",
        "use": "work"
      } ],
      "address": [ {
        "line": [ "184 SWANTON ST" ],
        "city": "WINCHESTER",
        "state": "MA",
        "postalCode": "018901921",
        "country": "US"
      } ],
      "gender": "male"
    },
    "request": {
      "method": "POST",
      "url": "Practitioner",
      "ifNoneExist": "identifier=http://hl7.org/fhir/sid/us-npi|9999889196"
    }
  }, {
    "fullUrl": "urn:uuid:523dd8ea-ce68-a3e5-4be1-db9a4f87636c",
    "resource": {
      "resourceType": "PractitionerRole",
      "id": "523dd8ea-ce68-a3e5-4be1-db9a4f87636c",
      "meta": {
        "profile": [ "http://hl7.org/fhir/us/core/StructureDefinition/us-core-practitionerrole" ]
      },
      "practitioner": {
        "identifier": {
          "system": "http://hl7.org/fhir/sid/us-npi",
          "value": "9999889196"
        },
        "display": "Dr. Charley358 Hermiston71"
      },
      "organization": {
        "identifier": {
          "system": "https://github.com/synthetichealth/synthea",
          "value": "326bc5bc-8da8-3337-a76a-7d44202dae3d"
        },
        "display": "ABERJONA NURSING CENTER, INC"
      },
      "code": [ {
        "coding": [ {
          "system": "http://nucc.org/provider-taxonomy",
          "code": "208D00000X",
          "display": "General Practice Physician"
        } ],
        "text": "General Practice Physician"
      } ],
      "specialty": [ {
        "coding": [ {
          "system": "http://nucc.org/provider-taxonomy",
          "code": "208D00000X",
          "display": "General Practice Physician"
        } ],
        "text": "General Practice Physician"
      } ],
      "location": [ {
        "identifier": {
          "system": "https://github.com/synthetichealth/synthea",
          "value": "bffeb698-37c8-34f6-923b-f8fda8e20c08"
        },
        "display": "ABERJONA NURSING CENTER, INC"
      } ],
      "telecom": [ {
        "system": "phone",
        "value": "7817299370"
      }, {
        "extension": [ {
          "url": "http://hl7.org/fhir/us/core/StructureDefinition/us-core-direct",
          "valueBoolean": true
        } ],
        "system": "email",
        "value": "Charley358.Hermiston71@example.com",
        "use": "work"
      } ]
    },
    "request": {
      "method": "POST",
      "url": "PractitionerRole"
    }
  }, {
    "fullUrl": "urn:uuid:1f251b2c-ae9c-31d0-81c9-7882481bfe00",
    "resource": {
      "resourceType": "Practitioner",
      "id": "1f251b2c-ae9c-31d0-81c9-7882481bfe00",
      "meta": {
        "profile": [ "http://hl7.org/fhir/us/core/StructureDefinition/us-core-practitioner" ]
      },
      "extension": [ {
        "url": "http://synthetichealth.github.io/synthea/utilization-encounters-extension",
        "valueInteger": 7
      } ],
      "identifier": [ {
        "system": "http://hl7.org/fhir/sid/us-npi",
        "value": "9999953695"
      } ],
      "active": true,
      "name": [ {
        "family": "Turner526",
        "given": [ "Ranee391" ],
        "prefix": [ "Dr." ]
      } ],
      "telecom": [ {
        "extension": [ {
          "url": "http://hl7.org/fhir/us/core/StructureDefinition/us-core-direct",
          "valueBoolean": true
        } ],
        "system": "email",
        "value": "Ranee391.Turner526@example.com",
        "use": "work"
      } ],
      "address": [ {
        "line": [ "20 N PARK AVE STE 2200A" ],
        "city": "PLYMOUTH",
        "state": "MA",
        "postalCode": "023604090",
        "country": "US"
      } ],
      "gender": "female"
    },
    "request": {
      "method": "POST",
      "url": "Practitioner",
      "ifNoneExist": "identifier=http://hl7.org/fhir/sid/us-npi|9999953695"
    }
  }, {
    "fullUrl": "urn:uuid:b86d191d-fa07-391c-89c2-4c5e13ef07ca",
    "resource": {
      "resourceType": "PractitionerRole",
      "id": "b86d191d-fa07-391c-89c2-4c5e13ef07ca",
      "meta": {
        "profile": [ "http://hl7.org/fhir/us/core/StructureDefinition/us-core-practitionerrole" ]
      },
      "practitioner": {
        "identifier": {
          "system": "http://hl7.org/fhir/sid/us-npi",
          "value": "9999953695"
        },
        "display": "Dr. Ranee391 Turner526"
      },
      "organization": {
        "identifier": {
          "system": "https://github.com/synthetichealth/synthea",
          "value": "52efa2e5-007f-3396-a83a-28ca015f0595"
        },
        "display": "BAYADA HOME HEALTH CARE INC"
      },
      "code": [ {
        "coding": [ {
          "system": "http://nucc.org/provider-taxonomy",
          "code": "208D00000X",
          "display": "General Practice Physician"
        } ],
        "text": "General Practice Physician"
      } ],
      "specialty": [ {
        "coding": [ {
          "system": "http://nucc.org/provider-taxonomy",
          "code": "208D00000X",
          "display": "General Practice Physician"
        } ],
        "text": "General Practice Physician"
      } ],
      "location": [ {
        "identifier": {
          "system": "https://github.com/synthetichealth/synthea",
          "value": "fbbbbadc-4bd2-34d8-92be-1224f5767695"
        },
        "display": "BAYADA HOME HEALTH CARE INC"
      } ],
      "telecom": [ {
        "system": "phone",
        "value": "5088300999"
      }, {
        "extension": [ {
          "url": "http://hl7.org/fhir/us/core/StructureDefinition/us-core-direct",
          "valueBoolean": true
        } ],
        "system": "email",
        "value": "Ranee391.Turner526@example.com",
        "use": "work"
      } ]
    },
    "request": {
      "method": "POST",
      "url": "PractitionerRole"
    }
  }, {
    "fullUrl": "urn:uuid:d4af6436-40c8-395b-b10f-c145c1deb788",
    "resource": {
      "resourceType": "Practitioner",
      "id": "d4af6436-40c8-395b-b10f-c145c1deb788",
      "meta": {
        "profile": [ "http://hl7.org/fhir/us/core/StructureDefinition/us-core-practitioner" ]
      },
      "extension": [ {
        "url": "http://synthetichealth.github.io/synthea/utilization-encounters-extension",
        "valueInteger": 3
      } ],
      "identifier": [ {
        "system": "http://hl7.org/fhir/sid/us-npi",
        "value": "9999885798"
      } ],
      "active": true,
      "name": [ {
        "family": "Hahn503",
        "given": [ "Barton704" ],
        "prefix": [ "Dr." ]
      } ],
      "telecom": [ {
        "extension": [ {
          "url": "http://hl7.org/fhir/us/core/StructureDefinition/us-core-direct",
          "valueBoolean": true
        } ],
        "system": "email",
        "value": "Barton704.Hahn503@example.com",
        "use": "work"
      } ],
      "address": [ {
        "line": [ "300 WINTHROP STREET" ],
        "city": "MEDFORD",
        "state": "MA",
        "postalCode": "021552311",
        "country": "US"
      } ],
      "gender": "male"
    },
    "request": {
      "method": "POST",
      "url": "Practitioner",
      "ifNoneExist": "identifier=http://hl7.org/fhir/sid/us-npi|9999885798"
    }
  }, {
    "fullUrl": "urn:uuid:e71936f3-d5be-c5ba-268d-f7dd678e9733",
    "resource": {
      "resourceType": "PractitionerRole",
      "id": "e71936f3-d5be-c5ba-268d-f7dd678e9733",
      "meta": {
        "profile": [ "http://hl7.org/fhir/us/core/StructureDefinition/us-core-practitionerrole" ]
      },
      "practitioner": {
        "identifier": {
          "system": "http://hl7.org/fhir/sid/us-npi",
          "value": "9999885798"
        },
        "display": "Dr. Barton704 Hahn503"
      },
      "organization": {
        "identifier": {
          "system": "https://github.com/synthetichealth/synthea",
          "value": "94ac48ba-e215-3ab9-ba88-a0b926d29cef"
        },
        "display": "MEDFORD REHABILITATION AND NURSING CENTER"
      },
      "code": [ {
        "coding": [ {
          "system": "http://nucc.org/provider-taxonomy",
          "code": "208D00000X",
          "display": "General Practice Physician"
        } ],
        "text": "General Practice Physician"
      } ],
      "specialty": [ {
        "coding": [ {
          "system": "http://nucc.org/provider-taxonomy",
          "code": "208D00000X",
          "display": "General Practice Physician"
        } ],
        "text": "General Practice Physician"
      } ],
      "location": [ {
        "identifier": {
          "system": "https://github.com/synthetichealth/synthea",
          "value": "b9e47363-c87c-32cc-8455-4696d47c8e01"
        },
        "display": "MEDFORD REHABILITATION AND NURSING CENTER"
      } ],
      "telecom": [ {
        "system": "phone",
        "value": "7813964400"
      }, {
        "extension": [ {
          "url": "http://hl7.org/fhir/us/core/StructureDefinition/us-core-direct",
          "valueBoolean": true
        } ],
        "system": "email",
        "value": "Barton704.Hahn503@example.com",
        "use": "work"
      } ]
    },
    "request": {
      "method": "POST",
      "url": "PractitionerRole"
    }
  }, {
    "fullUrl": "urn:uuid:5ce2dbeb-7d40-37f5-bb99-e23a91f299ec",
    "resource": {
      "resourceType": "Practitioner",
      "id": "5ce2dbeb-7d40-37f5-bb99-e23a91f299ec",
      "meta": {
        "profile": [ "http://hl7.org/fhir/us/core/StructureDefinition/us-core-practitioner" ]
      },
      "extension": [ {
        "url": "http://synthetichealth.github.io/synthea/utilization-encounters-extension",
        "valueInteger": 3
      } ],
      "identifier": [ {
        "system": "http://hl7.org/fhir/sid/us-npi",
        "value": "9999884999"
      } ],
      "active": true,
      "name": [ {
        "family": "Crona259",
        "given": [ "Quyen270" ],
        "prefix": [ "Dr." ]
      } ],
      "telecom": [ {
        "extension": [ {
          "url": "http://hl7.org/fhir/us/core/StructureDefinition/us-core-direct",
          "valueBoolean": true
        } ],
        "system": "email",
        "value": "Quyen270.Crona259@example.com",
        "use": "work"
      } ],
      "address": [ {
        "line": [ "123 SOUTH STREET" ],
        "city": "PLYMOUTH",
        "state": "MA",
        "postalCode": "023602945",
        "country": "US"
      } ],
      "gender": "female"
    },
    "request": {
      "method": "POST",
      "url": "Practitioner",
      "ifNoneExist": "identifier=http://hl7.org/fhir/sid/us-npi|9999884999"
    }
  }, {
    "fullUrl": "urn:uuid:288a42e1-b1b0-c60a-aaf2-95201deb9971",
    "resource": {
      "resourceType": "PractitionerRole",
      "id": "288a42e1-b1b0-c60a-aaf2-95201deb9971",
      "meta": {
        "profile": [ "http://hl7.org/fhir/us/core/StructureDefinition/us-core-practitionerrole" ]
      },
      "practitioner": {
        "identifier": {
          "system": "http://hl7.org/fhir/sid/us-npi",
          "value": "9999884999"
        },
        "display": "Dr. Quyen270 Crona259"
      },
      "organization": {
        "identifier": {
          "system": "https://github.com/synthetichealth/synthea",
          "value": "8395b012-c9c6-3b96-a7f9-edd24c9a3006"
        },
        "display": "PLYMOUTH REHABILITATION & HEALTH CARE CENTER"
      },
      "code": [ {
        "coding": [ {
          "system": "http://nucc.org/provider-taxonomy",
          "code": "208D00000X",
          "display": "General Practice Physician"
        } ],
        "text": "General Practice Physician"
      } ],
      "specialty": [ {
        "coding": [ {
          "system": "http://nucc.org/provider-taxonomy",
          "code": "208D00000X",
          "display": "General Practice Physician"
        } ],
        "text": "General Practice Physician"
      } ],
      "location": [ {
        "identifier": {
          "system": "https://github.com/synthetichealth/synthea",
          "value": "ccb1ae9e-8df5-3709-ba2a-b9e48e81654f"
        },
        "display": "PLYMOUTH REHABILITATION & HEALTH CARE CENTER"
      } ],
      "telecom": [ {
        "system": "phone",
        "value": "5087464343"
      }, {
        "extension": [ {
          "url": "http://hl7.org/fhir/us/core/StructureDefinition/us-core-direct",
          "valueBoolean": true
        } ],
        "system": "email",
        "value": "Quyen270.Crona259@example.com",
        "use": "work"
      } ]
    },
    "request": {
      "method": "POST",
      "url": "PractitionerRole"
    }
  }, {
    "fullUrl": "urn:uuid:0cee3688-73e0-3028-9448-29fefe9d2f1a",
    "resource": {
      "resourceType": "Practitioner",
      "id": "0cee3688-73e0-3028-9448-29fefe9d2f1a",
      "meta": {
        "profile": [ "http://hl7.org/fhir/us/core/StructureDefinition/us-core-practitioner" ]
      },
      "extension": [ {
        "url": "http://synthetichealth.github.io/synthea/utilization-encounters-extension",
        "valueInteger": 9
      } ],
      "identifier": [ {
        "system": "http://hl7.org/fhir/sid/us-npi",
        "value": "9999964395"
      } ],
      "active": true,
      "name": [ {
        "family": "Keeling57",
        "given": [ "Eddie505" ],
        "prefix": [ "Dr." ]
      } ],
      "telecom": [ {
        "extension": [ {
          "url": "http://hl7.org/fhir/us/core/StructureDefinition/us-core-direct",
          "valueBoolean": true
        } ],
        "system": "email",
        "value": "Eddie505.Keeling57@example.com",
        "use": "work"
      } ],
      "address": [ {
        "line": [ "225 BOSTON ST" ],
        "city": "LYNN",
        "state": "MA",
        "postalCode": "019043124",
        "country": "US"
      } ],
      "gender": "female"
    },
    "request": {
      "method": "POST",
      "url": "Practitioner",
      "ifNoneExist": "identifier=http://hl7.org/fhir/sid/us-npi|9999964395"
    }
  }, {
    "fullUrl": "urn:uuid:8aaf53f9-9b6c-7230-fff2-550714127eb9",
    "resource": {
      "resourceType": "PractitionerRole",
      "id": "8aaf53f9-9b6c-7230-fff2-550714127eb9",
      "meta": {
        "profile": [ "http://hl7.org/fhir/us/core/StructureDefinition/us-core-practitionerrole" ]
      },
      "practitioner": {
        "identifier": {
          "system": "http://hl7.org/fhir/sid/us-npi",
          "value": "9999964395"
        },
        "display": "Dr. Eddie505 Keeling57"
      },
      "organization": {
        "identifier": {
          "system": "https://github.com/synthetichealth/synthea",
          "value": "936ceb96-2b12-371f-aa68-ee02a9c06f4c"
        },
        "display": "PRIMARY CARE NORTH PC"
      },
      "code": [ {
        "coding": [ {
          "system": "http://nucc.org/provider-taxonomy",
          "code": "208D00000X",
          "display": "General Practice Physician"
        } ],
        "text": "General Practice Physician"
      } ],
      "specialty": [ {
        "coding": [ {
          "system": "http://nucc.org/provider-taxonomy",
          "code": "208D00000X",
          "display": "General Practice Physician"
        } ],
        "text": "General Practice Physician"
      } ],
      "location": [ {
        "identifier": {
          "system": "https://github.com/synthetichealth/synthea",
          "value": "adb59f43-8edb-38cf-b801-d02261e4de05"
        },
        "display": "PRIMARY CARE NORTH PC"
      } ],
      "telecom": [ {
        "system": "phone",
        "value": "7815959581"
      }, {
        "extension": [ {
          "url": "http://hl7.org/fhir/us/core/StructureDefinition/us-core-direct",
          "valueBoolean": true
        } ],
        "system": "email",
        "value": "Eddie505.Keeling57@example.com",
        "use": "work"
      } ]
    },
    "request": {
      "method": "POST",
      "url": "PractitionerRole"
    }
  }, {
    "fullUrl": "urn:uuid:4f5f888b-306b-37d2-a0a8-2e5d20a861f2",
    "resource": {
      "resourceType": "Practitioner",
      "id": "4f5f888b-306b-37d2-a0a8-2e5d20a861f2",
      "meta": {
        "profile": [ "http://hl7.org/fhir/us/core/StructureDefinition/us-core-practitioner" ]
      },
      "extension": [ {
        "url": "http://synthetichealth.github.io/synthea/utilization-encounters-extension",
        "valueInteger": 7
      } ],
      "identifier": [ {
        "system": "http://hl7.org/fhir/sid/us-npi",
        "value": "9999886895"
      } ],
      "active": true,
      "name": [ {
        "family": "Griego535",
        "given": [ "Diego848" ],
        "prefix": [ "Dr." ]
      } ],
      "telecom": [ {
        "extension": [ {
          "url": "http://hl7.org/fhir/us/core/StructureDefinition/us-core-direct",
          "valueBoolean": true
        } ],
        "system": "email",
        "value": "Diego848.Griego535@example.com",
        "use": "work"
      } ],
      "address": [ {
        "line": [ "CHRISTIAN HILL ROAD" ],
        "city": "GREAT BARRINGTON",
        "state": "MA",
        "postalCode": "012301108",
        "country": "US"
      } ],
      "gender": "male"
    },
    "request": {
      "method": "POST",
      "url": "Practitioner",
      "ifNoneExist": "identifier=http://hl7.org/fhir/sid/us-npi|9999886895"
    }
  }, {
    "fullUrl": "urn:uuid:d7622cc3-7747-83ba-b8cd-1c9ad2f49ac2",
    "resource": {
      "resourceType": "PractitionerRole",
      "id": "d7622cc3-7747-83ba-b8cd-1c9ad2f49ac2",
      "meta": {
        "profile": [ "http://hl7.org/fhir/us/core/StructureDefinition/us-core-practitionerrole" ]
      },
      "practitioner": {
        "identifier": {
          "system": "http://hl7.org/fhir/sid/us-npi",
          "value": "9999886895"
        },
        "display": "Dr. Diego848 Griego535"
      },
      "organization": {
        "identifier": {
          "system": "https://github.com/synthetichealth/synthea",
          "value": "51759ecf-0948-3f61-b8fc-09dd8f2b90a1"
        },
        "display": "FAIRVIEW COMMONS NURSING & REHABILITATION CENTER"
      },
      "code": [ {
        "coding": [ {
          "system": "http://nucc.org/provider-taxonomy",
          "code": "208D00000X",
          "display": "General Practice Physician"
        } ],
        "text": "General Practice Physician"
      } ],
      "specialty": [ {
        "coding": [ {
          "system": "http://nucc.org/provider-taxonomy",
          "code": "208D00000X",
          "display": "General Practice Physician"
        } ],
        "text": "General Practice Physician"
      } ],
      "location": [ {
        "identifier": {
          "system": "https://github.com/synthetichealth/synthea",
          "value": "466f9fc2-a6a5-3481-9a39-c52a6cf371d2"
        },
        "display": "FAIRVIEW COMMONS NURSING & REHABILITATION CENTER"
      } ],
      "telecom": [ {
        "system": "phone",
        "value": "4135284560"
      }, {
        "extension": [ {
          "url": "http://hl7.org/fhir/us/core/StructureDefinition/us-core-direct",
          "valueBoolean": true
        } ],
        "system": "email",
        "value": "Diego848.Griego535@example.com",
        "use": "work"
      } ]
    },
    "request": {
      "method": "POST",
      "url": "PractitionerRole"
    }
  }, {
    "fullUrl": "urn:uuid:96e5af93-926d-3813-9c99-46d1c21036c6",
    "resource": {
      "resourceType": "Practitioner",
      "id": "96e5af93-926d-3813-9c99-46d1c21036c6",
      "meta": {
        "profile": [ "http://hl7.org/fhir/us/core/StructureDefinition/us-core-practitioner" ]
      },
      "extension": [ {
        "url": "http://synthetichealth.github.io/synthea/utilization-encounters-extension",
        "valueInteger": 28
      } ],
      "identifier": [ {
        "system": "http://hl7.org/fhir/sid/us-npi",
        "value": "9999973297"
      } ],
      "active": true,
      "name": [ {
        "family": "Davis923",
        "given": [ "Jamison785" ],
        "prefix": [ "Dr." ]
      } ],
      "telecom": [ {
        "extension": [ {
          "url": "http://hl7.org/fhir/us/core/StructureDefinition/us-core-direct",
          "valueBoolean": true
        } ],
        "system": "email",
        "value": "Jamison785.Davis923@example.com",
        "use": "work"
      } ],
      "address": [ {
        "line": [ "70 BOLTWOOD WALK" ],
        "city": "AMHERST",
        "state": "MA",
        "postalCode": "010022271",
        "country": "US"
      } ],
      "gender": "male"
    },
    "request": {
      "method": "POST",
      "url": "Practitioner",
      "ifNoneExist": "identifier=http://hl7.org/fhir/sid/us-npi|9999973297"
    }
  }, {
    "fullUrl": "urn:uuid:104e6a1b-df74-c35f-2a7e-de331fc801f2",
    "resource": {
      "resourceType": "PractitionerRole",
      "id": "104e6a1b-df74-c35f-2a7e-de331fc801f2",
      "meta": {
        "profile": [ "http://hl7.org/fhir/us/core/StructureDefinition/us-core-practitionerrole" ]
      },
      "practitioner": {
        "identifier": {
          "system": "http://hl7.org/fhir/sid/us-npi",
          "value": "9999973297"
        },
        "display": "Dr. Jamison785 Davis923"
      },
      "organization": {
        "identifier": {
          "system": "https://github.com/synthetichealth/synthea",
          "value": "4f59f709-8b84-3d27-a04b-c6b7b5544413"
        },
        "display": "HILLTOWN COMMUNITY HEALTH CENTERS INC"
      },
      "code": [ {
        "coding": [ {
          "system": "http://nucc.org/provider-taxonomy",
          "code": "208D00000X",
          "display": "General Practice Physician"
        } ],
        "text": "General Practice Physician"
      } ],
      "specialty": [ {
        "coding": [ {
          "system": "http://nucc.org/provider-taxonomy",
          "code": "208D00000X",
          "display": "General Practice Physician"
        } ],
        "text": "General Practice Physician"
      } ],
      "location": [ {
        "identifier": {
          "system": "https://github.com/synthetichealth/synthea",
          "value": "9abf8887-4da2-3437-b6b1-cfab40b1721a"
        },
        "display": "HILLTOWN COMMUNITY HEALTH CENTERS INC"
      } ],
      "telecom": [ {
        "system": "phone",
        "value": "4132385511"
      }, {
        "extension": [ {
          "url": "http://hl7.org/fhir/us/core/StructureDefinition/us-core-direct",
          "valueBoolean": true
        } ],
        "system": "email",
        "value": "Jamison785.Davis923@example.com",
        "use": "work"
      } ]
    },
    "request": {
      "method": "POST",
      "url": "PractitionerRole"
    }
  }, {
    "fullUrl": "urn:uuid:e2875634-d0e7-314d-988c-902af56b0bf5",
    "resource": {
      "resourceType": "Practitioner",
      "id": "e2875634-d0e7-314d-988c-902af56b0bf5",
      "meta": {
        "profile": [ "http://hl7.org/fhir/us/core/StructureDefinition/us-core-practitioner" ]
      },
      "extension": [ {
        "url": "http://synthetichealth.github.io/synthea/utilization-encounters-extension",
        "valueInteger": 40
      } ],
      "identifier": [ {
        "system": "http://hl7.org/fhir/sid/us-npi",
        "value": "9999972190"
      } ],
      "active": true,
      "name": [ {
        "family": "Pagac496",
        "given": [ "Cora299" ],
        "prefix": [ "Dr." ]
      } ],
      "telecom": [ {
        "extension": [ {
          "url": "http://hl7.org/fhir/us/core/StructureDefinition/us-core-direct",
          "valueBoolean": true
        } ],
        "system": "email",
        "value": "Cora299.Pagac496@example.com",
        "use": "work"
      } ],
      "address": [ {
        "line": [ "780 MAIN ST" ],
        "city": "GREAT BARRINGTON",
        "state": "MA",
        "postalCode": "012302148",
        "country": "US"
      } ],
      "gender": "female"
    },
    "request": {
      "method": "POST",
      "url": "Practitioner",
      "ifNoneExist": "identifier=http://hl7.org/fhir/sid/us-npi|9999972190"
    }
  }, {
    "fullUrl": "urn:uuid:652186e3-c462-45e5-c826-74a1d70e6ae2",
    "resource": {
      "resourceType": "PractitionerRole",
      "id": "652186e3-c462-45e5-c826-74a1d70e6ae2",
      "meta": {
        "profile": [ "http://hl7.org/fhir/us/core/StructureDefinition/us-core-practitionerrole" ]
      },
      "practitioner": {
        "identifier": {
          "system": "http://hl7.org/fhir/sid/us-npi",
          "value": "9999972190"
        },
        "display": "Dr. Cora299 Pagac496"
      },
      "organization": {
        "identifier": {
          "system": "https://github.com/synthetichealth/synthea",
          "value": "2fbb592e-2154-3a4d-856e-467d7ba5bed7"
        },
        "display": "FAIRVIEW HOSPITAL"
      },
      "code": [ {
        "coding": [ {
          "system": "http://nucc.org/provider-taxonomy",
          "code": "208D00000X",
          "display": "General Practice Physician"
        } ],
        "text": "General Practice Physician"
      } ],
      "specialty": [ {
        "coding": [ {
          "system": "http://nucc.org/provider-taxonomy",
          "code": "208D00000X",
          "display": "General Practice Physician"
        } ],
        "text": "General Practice Physician"
      } ],
      "location": [ {
        "identifier": {
          "system": "https://github.com/synthetichealth/synthea",
          "value": "fd8b940f-d153-39d0-9445-313aa12f8a83"
        },
        "display": "FAIRVIEW HOSPITAL"
      } ],
      "telecom": [ {
        "system": "phone",
        "value": "4135288643"
      }, {
        "extension": [ {
          "url": "http://hl7.org/fhir/us/core/StructureDefinition/us-core-direct",
          "valueBoolean": true
        } ],
        "system": "email",
        "value": "Cora299.Pagac496@example.com",
        "use": "work"
      } ]
    },
    "request": {
      "method": "POST",
      "url": "PractitionerRole"
    }
  }, {
    "fullUrl": "urn:uuid:7518e44c-f0b1-3765-b3df-aca72e60a553",
    "resource": {
      "resourceType": "Practitioner",
      "id": "7518e44c-f0b1-3765-b3df-aca72e60a553",
      "meta": {
        "profile": [ "http://hl7.org/fhir/us/core/StructureDefinition/us-core-practitioner" ]
      },
      "extension": [ {
        "url": "http://synthetichealth.github.io/synthea/utilization-encounters-extension",
        "valueInteger": 31
      } ],
      "identifier": [ {
        "system": "http://hl7.org/fhir/sid/us-npi",
        "value": "9999967893"
      } ],
      "active": true,
      "name": [ {
        "family": "Schroeder447",
        "given": [ "Luther918" ],
        "prefix": [ "Dr." ]
      } ],
      "telecom": [ {
        "extension": [ {
          "url": "http://hl7.org/fhir/us/core/StructureDefinition/us-core-direct",
          "valueBoolean": true
        } ],
        "system": "email",
        "value": "Luther918.Schroeder447@example.com",
        "use": "work"
      } ],
      "address": [ {
        "line": [ "11 WATER ST" ],
        "city": "ARLINGTON",
        "state": "MA",
        "postalCode": "02476",
        "country": "US"
      } ],
      "gender": "male"
    },
    "request": {
      "method": "POST",
      "url": "Practitioner",
      "ifNoneExist": "identifier=http://hl7.org/fhir/sid/us-npi|9999967893"
    }
  }, {
    "fullUrl": "urn:uuid:eee7460c-4379-7411-d3c5-dd1585c1bf16",
    "resource": {
      "resourceType": "PractitionerRole",
      "id": "eee7460c-4379-7411-d3c5-dd1585c1bf16",
      "meta": {
        "profile": [ "http://hl7.org/fhir/us/core/StructureDefinition/us-core-practitionerrole" ]
      },
      "practitioner": {
        "identifier": {
          "system": "http://hl7.org/fhir/sid/us-npi",
          "value": "9999967893"
        },
        "display": "Dr. Luther918 Schroeder447"
      },
      "organization": {
        "identifier": {
          "system": "https://github.com/synthetichealth/synthea",
          "value": "69cb2157-b620-3c51-9c94-f516462d2d55"
        },
        "display": "FAMILY PRACTICE GROUP PC"
      },
      "code": [ {
        "coding": [ {
          "system": "http://nucc.org/provider-taxonomy",
          "code": "208D00000X",
          "display": "General Practice Physician"
        } ],
        "text": "General Practice Physician"
      } ],
      "specialty": [ {
        "coding": [ {
          "system": "http://nucc.org/provider-taxonomy",
          "code": "208D00000X",
          "display": "General Practice Physician"
        } ],
        "text": "General Practice Physician"
      } ],
      "location": [ {
        "identifier": {
          "system": "https://github.com/synthetichealth/synthea",
          "value": "4485298a-aaef-3aa4-aedf-fc01a612fd28"
        },
        "display": "FAMILY PRACTICE GROUP PC"
      } ],
      "telecom": [ {
        "system": "phone",
        "value": "7816489700"
      }, {
        "extension": [ {
          "url": "http://hl7.org/fhir/us/core/StructureDefinition/us-core-direct",
          "valueBoolean": true
        } ],
        "system": "email",
        "value": "Luther918.Schroeder447@example.com",
        "use": "work"
      } ]
    },
    "request": {
      "method": "POST",
      "url": "PractitionerRole"
    }
  }, {
    "fullUrl": "urn:uuid:5a67d3f3-8e31-34f0-8957-27b50375a34e",
    "resource": {
      "resourceType": "Practitioner",
      "id": "5a67d3f3-8e31-34f0-8957-27b50375a34e",
      "meta": {
        "profile": [ "http://hl7.org/fhir/us/core/StructureDefinition/us-core-practitioner" ]
      },
      "extension": [ {
        "url": "http://synthetichealth.github.io/synthea/utilization-encounters-extension",
        "valueInteger": 1
      } ],
      "identifier": [ {
        "system": "http://hl7.org/fhir/sid/us-npi",
        "value": "9999939090"
      } ],
      "active": true,
      "name": [ {
        "family": "Wilderman619",
        "given": [ "Yesenia104" ],
        "prefix": [ "Dr." ]
      } ],
      "telecom": [ {
        "extension": [ {
          "url": "http://hl7.org/fhir/us/core/StructureDefinition/us-core-direct",
          "valueBoolean": true
        } ],
        "system": "email",
        "value": "Yesenia104.Wilderman619@example.com",
        "use": "work"
      } ],
      "address": [ {
        "line": [ "1285 BEACON ST" ],
        "city": "WOBURN",
        "state": "MA",
        "postalCode": "018012157",
        "country": "US"
      } ],
      "gender": "female"
    },
    "request": {
      "method": "POST",
      "url": "Practitioner",
      "ifNoneExist": "identifier=http://hl7.org/fhir/sid/us-npi|9999939090"
    }
  }, {
    "fullUrl": "urn:uuid:db4dfd77-4b19-3bd0-cfa3-da0459a1c132",
    "resource": {
      "resourceType": "PractitionerRole",
      "id": "db4dfd77-4b19-3bd0-cfa3-da0459a1c132",
      "meta": {
        "profile": [ "http://hl7.org/fhir/us/core/StructureDefinition/us-core-practitionerrole" ]
      },
      "practitioner": {
        "identifier": {
          "system": "http://hl7.org/fhir/sid/us-npi",
          "value": "9999939090"
        },
        "display": "Dr. Yesenia104 Wilderman619"
      },
      "organization": {
        "identifier": {
          "system": "https://github.com/synthetichealth/synthea",
          "value": "a25107f7-f4f5-36fc-98e4-f3e1b5875c91"
        },
        "display": "MASS GENERAL BRIGHAM URGENT CARE LLC"
      },
      "code": [ {
        "coding": [ {
          "system": "http://nucc.org/provider-taxonomy",
          "code": "208D00000X",
          "display": "General Practice Physician"
        } ],
        "text": "General Practice Physician"
      } ],
      "specialty": [ {
        "coding": [ {
          "system": "http://nucc.org/provider-taxonomy",
          "code": "208D00000X",
          "display": "General Practice Physician"
        } ],
        "text": "General Practice Physician"
      } ],
      "location": [ {
        "identifier": {
          "system": "https://github.com/synthetichealth/synthea",
          "value": "cf117c25-4eca-3432-af54-bf059141b5ea"
        },
        "display": "MASS GENERAL BRIGHAM URGENT CARE LLC"
      } ],
      "telecom": [ {
        "system": "phone",
        "value": "6177516205"
      }, {
        "extension": [ {
          "url": "http://hl7.org/fhir/us/core/StructureDefinition/us-core-direct",
          "valueBoolean": true
        } ],
        "system": "email",
        "value": "Yesenia104.Wilderman619@example.com",
        "use": "work"
      } ]
    },
    "request": {
      "method": "POST",
      "url": "PractitionerRole"
    }
  }, {
    "fullUrl": "urn:uuid:5a70b944-c9c2-38ba-b9f4-b3ed36701139",
    "resource": {
      "resourceType": "Practitioner",
      "id": "5a70b944-c9c2-38ba-b9f4-b3ed36701139",
      "meta": {
        "profile": [ "http://hl7.org/fhir/us/core/StructureDefinition/us-core-practitioner" ]
      },
      "extension": [ {
        "url": "http://synthetichealth.github.io/synthea/utilization-encounters-extension",
        "valueInteger": 1
      } ],
      "identifier": [ {
        "system": "http://hl7.org/fhir/sid/us-npi",
        "value": "9999938597"
      } ],
      "active": true,
      "name": [ {
        "family": "Gallardo890",
        "given": [ "Ana Luisa894" ],
        "prefix": [ "Dr." ]
      } ],
      "telecom": [ {
        "extension": [ {
          "url": "http://hl7.org/fhir/us/core/StructureDefinition/us-core-direct",
          "valueBoolean": true
        } ],
        "system": "email",
        "value": "Ana Luisa894.Gallardo890@example.com",
        "use": "work"
      } ],
      "address": [ {
        "line": [ "20 EAST ST" ],
        "city": "HANOVER",
        "state": "MA",
        "postalCode": "023391638",
        "country": "US"
      } ],
      "gender": "female"
    },
    "request": {
      "method": "POST",
      "url": "Practitioner",
      "ifNoneExist": "identifier=http://hl7.org/fhir/sid/us-npi|9999938597"
    }
  }, {
    "fullUrl": "urn:uuid:6ba48234-83d1-f5d7-9248-d137c4ca0086",
    "resource": {
      "resourceType": "PractitionerRole",
      "id": "6ba48234-83d1-f5d7-9248-d137c4ca0086",
      "meta": {
        "profile": [ "http://hl7.org/fhir/us/core/StructureDefinition/us-core-practitionerrole" ]
      },
      "practitioner": {
        "identifier": {
          "system": "http://hl7.org/fhir/sid/us-npi",
          "value": "9999938597"
        },
        "display": "Dr. Ana Luisa894 Gallardo890"
      },
      "organization": {
        "identifier": {
          "system": "https://github.com/synthetichealth/synthea",
          "value": "0592d4e5-a0fb-3143-83cd-8e5a6b066a96"
        },
        "display": "SOUTH SHORE PRIMARY AND URGENT CARE LLC"
      },
      "code": [ {
        "coding": [ {
          "system": "http://nucc.org/provider-taxonomy",
          "code": "208D00000X",
          "display": "General Practice Physician"
        } ],
        "text": "General Practice Physician"
      } ],
      "specialty": [ {
        "coding": [ {
          "system": "http://nucc.org/provider-taxonomy",
          "code": "208D00000X",
          "display": "General Practice Physician"
        } ],
        "text": "General Practice Physician"
      } ],
      "location": [ {
        "identifier": {
          "system": "https://github.com/synthetichealth/synthea",
          "value": "babb5508-b5dd-3973-8aca-e80876d2ab06"
        },
        "display": "SOUTH SHORE PRIMARY AND URGENT CARE LLC"
      } ],
      "telecom": [ {
        "system": "phone",
        "value": "7815610460"
      }, {
        "extension": [ {
          "url": "http://hl7.org/fhir/us/core/StructureDefinition/us-core-direct",
          "valueBoolean": true
        } ],
        "system": "email",
        "value": "Ana Luisa894.Gallardo890@example.com",
        "use": "work"
      } ]
    },
    "request": {
      "method": "POST",
      "url": "PractitionerRole"
    }
  } ]
}
